Vehicle,Date,Type,SessionId,StartTime,EndTime,Duration,DataLines,StartLine,EndLine
DOBACK023,20250930,estabilidad,2,null,null,null,6127,1,6741
DOBACK023,20250930,estabilidad,3,null,null,null,2467,6742,9456
DOBACK023,20251004,estabilidad,1,null,null,null,3479,1,3828
DOBACK023,20251004,estabilidad,2,null,null,null,1657,3829,5652
DOBACK023,20251004,estabilidad,3,null,null,null,768,5653,6498
DOBACK023,20251004,estabilidad,4,null,null,null,4297,6499,11226
DOBACK023,20251004,estabilidad,5,null,null,null,2288,11227,13744
DOBACK023,20250930,GPS,1,2025-09-30T09:35:13.000Z,2025-09-30T09:35:13.000Z,null,67,1,69
DOBACK023,20250930,GPS,3,2025-09-30T15:33:44.000Z,2025-09-30T15:33:44.000Z,null,0,415,415
DOBACK023,20250930,GPS,4,2025-09-30T17:01:07.000Z,2025-09-30T17:01:07.000Z,null,56,979,1036
DOBACK023,20251004,GPS,1,2025-10-04T07:56:32.000Z,2025-10-04T07:56:32.000Z,null,71,1,73
DOBACK023,20251004,GPS,2,2025-10-04T08:14:28.000Z,2025-10-04T08:14:28.000Z,null,110,317,428
DOBACK023,20251004,GPS,3,2025-10-04T08:22:32.000Z,2025-10-04T08:22:32.000Z,null,0,482,482
DOBACK023,20251004,GPS,4,2025-10-04T09:01:02.000Z,2025-10-04T09:01:02.000Z,null,13,562,576
DOBACK023,20251004,GPS,5,2025-10-04T09:13:51.000Z,2025-10-04T09:13:51.000Z,null,0,952,952
DOBACK023,20250930,ROTATIVO,11,2025-09-30T15:37:47.000Z,2025-09-30T15:44:18.000Z,391,27,1,29
DOBACK023,20250930,ROTATIVO,12,2025-09-30T17:01:07.000Z,2025-09-30T17:05:22.000Z,255,18,30,49
DOBACK023,20251004,ROTATIVO,1,2025-10-04T07:56:32.000Z,2025-10-04T08:02:19.000Z,347,24,1,26
DOBACK023,20251004,ROTATIVO,2,2025-10-04T08:14:28.000Z,2025-10-04T08:17:13.000Z,165,12,27,40
DOBACK023,20251004,ROTATIVO,3,2025-10-04T08:22:32.000Z,2025-10-04T08:23:47.000Z,75,6,41,48
DOBACK023,20251004,ROTATIVO,4,2025-10-04T08:29:50.000Z,2025-10-04T08:29:50.000Z,null,1,49,51
DOBACK023,20251004,ROTATIVO,5,2025-10-04T09:01:02.000Z,2025-10-04T09:08:17.000Z,435,30,52,83
DOBACK023,20251004,ROTATIVO,6,2025-10-04T09:13:51.000Z,2025-10-04T09:17:52.000Z,241,17,84,102
DOBACK024,20250930,estabilidad,1,null,null,null,38759,1,42636
DOBACK024,20250930,estabilidad,2,null,null,null,50359,42637,98032
DOBACK024,20251001,estabilidad,1,null,null,null,16559,1,18216
DOBACK024,20251001,estabilidad,2,null,null,null,759,18217,19052
DOBACK024,20251001,estabilidad,3,null,null,null,16399,19053,37092
DOBACK024,20251001,estabilidad,4,null,null,null,31399,37093,71632
DOBACK024,20251001,estabilidad,5,null,null,null,7249,71633,79607
DOBACK024,20251001,estabilidad,6,null,null,null,7639,79608,88011
DOBACK024,20251001,estabilidad,7,null,null,null,11409,88012,100562
DOBACK024,20251002,estabilidad,1,null,null,null,38339,1,42174
DOBACK024,20251002,estabilidad,2,null,null,null,508,42175,42734
DOBACK024,20251002,estabilidad,3,null,null,null,16957,42735,61388
DOBACK024,20251002,estabilidad,4,null,null,null,779,61389,62246
DOBACK024,20251002,estabilidad,5,null,null,null,27659,62247,92672
DOBACK024,20251002,estabilidad,6,null,null,null,6429,92673,99745
DOBACK024,20251003,estabilidad,1,null,null,null,28910,1,31802
DOBACK024,20251003,estabilidad,2,null,null,null,31739,31804,66717
DOBACK024,20251003,estabilidad,3,null,null,null,37969,66718,108484
DOBACK024,20251003,estabilidad,4,null,null,null,18069,108485,128361
DOBACK024,20251004,estabilidad,1,null,null,null,11419,1,12562
DOBACK024,20251004,estabilidad,2,null,null,null,259,12563,12848
DOBACK024,20251004,estabilidad,3,null,null,null,1699,12849,14718
DOBACK024,20251004,estabilidad,4,null,null,null,579,14719,15356
DOBACK024,20251004,estabilidad,5,null,null,null,1019,15357,16478
DOBACK024,20251004,estabilidad,6,null,null,null,389,16479,16907
DOBACK024,20251004,estabilidad,7,null,null,null,19787,16908,38674
DOBACK024,20251004,estabilidad,8,null,null,null,98,38675,38783
DOBACK024,20251004,estabilidad,9,null,null,null,23849,38784,65018
DOBACK024,20251004,estabilidad,10,null,null,null,15629,65019,82211
DOBACK024,20251005,estabilidad,1,null,null,null,17529,1,19283
DOBACK024,20251005,estabilidad,2,null,null,null,5049,19284,24838
DOBACK024,20251005,estabilidad,3,null,null,null,11469,24839,37455
DOBACK024,20251005,estabilidad,4,null,null,null,15219,37456,54197
DOBACK024,20251005,estabilidad,5,null,null,null,2529,54198,56980
DOBACK024,20251005,estabilidad,6,null,null,null,8159,56981,65956
DOBACK024,20251005,estabilidad,7,null,null,null,13069,65957,80333
DOBACK024,20251005,estabilidad,8,null,null,null,27974,80334,111106
DOBACK024,20251006,estabilidad,1,null,null,null,45949,1,50545
DOBACK024,20251006,estabilidad,2,null,null,null,29749,50546,83270
DOBACK024,20251007,estabilidad,1,null,null,null,39093,1,43004
DOBACK024,20251007,estabilidad,2,null,null,null,4729,43005,48207
DOBACK024,20251007,estabilidad,3,null,null,null,36489,48208,88346
DOBACK024,20251007,estabilidad,4,null,null,null,44249,88347,137021
DOBACK024,20251007,estabilidad,5,null,null,null,13179,137022,151519
DOBACK024,20251007,estabilidad,6,null,null,null,31469,151520,186136
DOBACK024,20251007,estabilidad,7,null,null,null,11689,186137,198995
DOBACK024,20251007,estabilidad,8,null,null,null,55474,198996,260018
DOBACK024,20251007,estabilidad,9,null,null,null,13726,260019,275118
DOBACK024,20251008,estabilidad,1,null,null,null,25140,1,27655
DOBACK024,20251008,estabilidad,2,null,null,null,6717,27657,35046
DOBACK024,20251008,estabilidad,3,null,null,null,21899,35047,59136
DOBACK024,20251008,estabilidad,4,null,null,null,12699,59137,73106
DOBACK024,20251008,estabilidad,5,null,null,null,6597,73107,80364
DOBACK024,20251008,estabilidad,6,null,null,null,5579,80365,86502
DOBACK024,20251008,estabilidad,7,null,null,null,34269,86503,124199
DOBACK024,20250930,GPS,1,2025-09-30T07:33:37.000Z,2025-09-30T07:33:37.000Z,null,269,1,293
DOBACK024,20251001,GPS,1,2025-10-01T07:36:47.000Z,2025-10-01T07:36:47.000Z,null,179,1,181
DOBACK024,20251001,GPS,2,2025-10-01T09:06:11.000Z,2025-10-01T09:06:11.000Z,null,68,1467,1536
DOBACK024,20251001,GPS,3,2025-10-01T12:22:16.000Z,2025-10-01T12:22:16.000Z,null,73,1537,1611
DOBACK024,20251002,GPS,1,2025-10-01T22:29:57.000Z,2025-10-01T22:29:57.000Z,null,372,1,374
DOBACK024,20251003,GPS,1,2025-10-03T07:46:49.000Z,2025-10-03T07:46:49.000Z,null,255,1,257
DOBACK024,20251003,GPS,2,2025-10-03T18:10:57.000Z,2025-10-03T18:10:57.000Z,null,300,2544,2845
DOBACK024,20251003,GPS,3,2025-10-03T19:06:09.000Z,2025-10-03T19:06:09.000Z,null,5,5351,5558
DOBACK024,20251004,GPS,1,2025-10-04T07:44:53.000Z,2025-10-04T07:44:53.000Z,null,304,1,306
DOBACK024,20251005,GPS,1,2025-10-04T22:28:33.000Z,2025-10-04T22:28:33.000Z,null,249,1,251
DOBACK024,20251005,GPS,2,2025-10-05T07:10:21.000Z,2025-10-05T07:10:21.000Z,null,119,1423,1543
DOBACK024,20251005,GPS,3,2025-10-05T07:43:20.000Z,2025-10-05T07:43:20.000Z,null,59,1849,1909
DOBACK024,20251006,GPS,1,2025-10-06T07:34:43.000Z,2025-10-06T07:34:43.000Z,null,229,1,277
DOBACK024,20251007,GPS,1,2025-10-07T01:22:45.000Z,2025-10-07T01:22:45.000Z,null,177,1,179
DOBACK024,20251007,GPS,2,2025-10-07T02:32:36.000Z,2025-10-07T02:32:36.000Z,null,0,2187,2187
DOBACK024,20251007,GPS,3,2025-10-07T06:06:06.000Z,2025-10-07T06:06:06.000Z,null,310,2606,2917
DOBACK024,20251008,GPS,1,2025-10-08T02:43:30.000Z,2025-10-08T02:43:30.000Z,null,274,1,276
DOBACK024,20251008,GPS,2,2025-10-08T03:30:11.000Z,2025-10-08T03:30:11.000Z,null,0,2222,2222
DOBACK024,20251008,GPS,3,2025-10-08T03:49:45.000Z,2025-10-08T03:49:45.000Z,null,590,2825,4397
DOBACK024,20251008,GPS,4,2025-10-08T07:21:40.000Z,2025-10-08T07:21:40.000Z,null,346,4764,5252
DOBACK024,20251008,GPS,5,2025-10-08T09:13:27.000Z,2025-10-08T09:13:27.000Z,null,254,5863,6122
DOBACK024,20251008,GPS,6,2025-10-08T11:06:11.000Z,2025-10-08T11:06:11.000Z,null,194,6459,6701
DOBACK024,20251008,GPS,7,2025-10-08T14:39:48.000Z,2025-10-08T14:39:48.000Z,null,123,6964,7088
DOBACK024,20251009,GPS,1,2025-10-08T22:31:29.000Z,2025-10-08T22:31:29.000Z,null,220,1,598
DOBACK024,20251009,GPS,2,2025-10-09T07:33:39.000Z,2025-10-09T07:33:39.000Z,null,244,2070,2336
DOBACK024,20251009,GPS,3,2025-10-09T08:54:26.000Z,2025-10-09T08:54:26.000Z,null,0,6079,6079
DOBACK024,20251009,GPS,4,2025-10-09T09:08:35.000Z,2025-10-09T09:08:35.000Z,null,0,6700,6700
DOBACK024,20250930,ROTATIVO,1,2025-09-30T07:33:37.000Z,2025-09-30T08:38:25.000Z,3888,260,1,262
DOBACK024,20250930,ROTATIVO,2,2025-09-30T10:41:43.000Z,2025-09-30T12:05:48.000Z,5045,337,263,601
DOBACK024,20251001,ROTATIVO,1,2025-10-01T07:36:47.000Z,2025-10-01T08:04:33.000Z,1666,112,1,114
DOBACK024,20251001,ROTATIVO,2,2025-10-01T09:06:11.000Z,2025-10-01T09:07:26.000Z,75,6,115,122
DOBACK024,20251001,ROTATIVO,3,2025-10-01T12:22:16.000Z,2025-10-01T12:49:47.000Z,1651,111,123,235
DOBACK024,20251001,ROTATIVO,4,2025-10-01T14:18:21.000Z,2025-10-01T15:10:39.000Z,3138,210,236,447
DOBACK024,20251001,ROTATIVO,5,2025-10-01T15:13:58.000Z,2025-10-01T15:26:15.000Z,737,50,448,499
DOBACK024,20251001,ROTATIVO,6,2025-10-01T20:39:41.000Z,2025-10-01T20:52:27.000Z,766,52,500,553
DOBACK024,20251001,ROTATIVO,7,2025-10-01T21:04:45.000Z,2025-10-01T21:23:46.000Z,1141,77,554,632
DOBACK024,20251002,ROTATIVO,1,2025-10-01T22:29:57.000Z,2025-10-01T23:34:01.000Z,3844,257,1,259
DOBACK024,20251002,ROTATIVO,2,2025-10-02T07:01:48.000Z,2025-10-02T07:02:51.000Z,63,5,260,266
DOBACK024,20251002,ROTATIVO,3,2025-10-02T07:37:06.000Z,2025-10-02T08:05:23.000Z,1697,114,267,382
DOBACK024,20251002,ROTATIVO,4,2025-10-02T09:33:11.000Z,2025-10-02T09:34:26.000Z,75,6,383,390
DOBACK024,20251002,ROTATIVO,5,2025-10-02T16:59:02.000Z,2025-10-02T17:45:05.000Z,2763,185,391,577
DOBACK024,20251002,ROTATIVO,6,2025-10-02T17:50:46.000Z,2025-10-02T18:01:31.000Z,645,44,578,623
DOBACK024,20251003,ROTATIVO,1,2025-10-03T07:46:49.000Z,2025-10-03T08:35:06.000Z,2897,194,1,196
DOBACK024,20251003,ROTATIVO,2,2025-10-03T18:10:57.000Z,2025-10-03T19:04:00.000Z,3183,213,197,411
DOBACK024,20251003,ROTATIVO,3,2025-10-03T19:06:09.000Z,2025-10-03T20:09:27.000Z,3798,254,412,667
DOBACK024,20251003,ROTATIVO,4,2025-10-03T20:19:04.000Z,2025-10-03T20:49:20.000Z,1816,122,668,791
DOBACK024,20251004,ROTATIVO,1,2025-10-04T07:44:53.000Z,2025-10-04T08:03:56.000Z,1143,77,1,79
DOBACK024,20251004,ROTATIVO,2,2025-10-04T08:07:37.000Z,2025-10-04T08:08:07.000Z,30,3,80,84
DOBACK024,20251004,ROTATIVO,3,2025-10-04T08:18:01.000Z,2025-10-04T08:20:46.000Z,165,12,85,98
DOBACK024,20251004,ROTATIVO,4,2025-10-04T08:23:30.000Z,2025-10-04T08:24:30.000Z,60,5,99,105
DOBACK024,20251004,ROTATIVO,5,2025-10-04T08:34:35.000Z,2025-10-04T08:36:20.000Z,105,8,106,115
DOBACK024,20251004,ROTATIVO,6,2025-10-04T09:36:28.000Z,2025-10-04T09:37:13.000Z,45,4,116,121
DOBACK024,20251004,ROTATIVO,7,2025-10-04T12:25:56.000Z,2025-10-04T12:58:58.000Z,1982,133,122,256
DOBACK024,20251004,ROTATIVO,8,2025-10-04T16:09:56.000Z,2025-10-04T16:10:11.000Z,15,2,257,260
DOBACK024,20251004,ROTATIVO,9,2025-10-04T17:30:27.000Z,2025-10-04T18:10:14.000Z,2387,160,261,422
DOBACK024,20251004,ROTATIVO,10,2025-10-04T21:20:04.000Z,2025-10-04T21:46:05.000Z,1561,105,423,529
DOBACK024,20251005,ROTATIVO,1,2025-10-04T22:28:33.000Z,2025-10-04T22:57:49.000Z,1756,118,1,120
DOBACK024,20251005,ROTATIVO,2,2025-10-05T07:10:21.000Z,2025-10-05T07:18:52.000Z,511,35,121,157
DOBACK024,20251005,ROTATIVO,3,2025-10-05T07:43:20.000Z,2025-10-05T08:02:36.000Z,1156,78,158,237
DOBACK024,20251005,ROTATIVO,4,2025-10-05T08:48:14.000Z,2025-10-05T09:13:45.000Z,1531,103,238,342
DOBACK024,20251005,ROTATIVO,5,2025-10-05T09:23:32.000Z,2025-10-05T09:27:48.000Z,256,18,343,362
DOBACK024,20251005,ROTATIVO,6,2025-10-05T09:56:15.000Z,2025-10-05T10:09:46.000Z,811,55,363,419
DOBACK024,20251005,ROTATIVO,7,2025-10-05T10:12:53.000Z,2025-10-05T10:34:39.000Z,1306,88,420,509
DOBACK024,20251005,ROTATIVO,8,2025-10-05T14:03:36.000Z,2025-10-05T14:50:24.000Z,2808,188,510,699
DOBACK024,20251006,ROTATIVO,1,2025-10-06T07:34:43.000Z,2025-10-06T08:51:20.000Z,4597,307,1,309
DOBACK024,20251006,ROTATIVO,2,2025-10-06T12:32:24.000Z,2025-10-06T13:22:11.000Z,2987,200,310,511
DOBACK024,20251007,ROTATIVO,1,2025-10-07T01:22:45.000Z,2025-10-07T02:28:04.000Z,3919,262,1,264
DOBACK024,20251007,ROTATIVO,2,2025-10-07T02:32:36.000Z,2025-10-07T02:40:22.000Z,466,32,265,298
DOBACK024,20251007,ROTATIVO,3,2025-10-07T06:06:06.000Z,2025-10-07T07:06:54.000Z,3648,244,299,544
DOBACK024,20251007,ROTATIVO,4,2025-10-07T07:08:48.000Z,2025-10-07T08:22:39.000Z,4431,296,545,842
DOBACK024,20251007,ROTATIVO,5,2025-10-07T08:57:25.000Z,2025-10-07T09:19:27.000Z,1322,89,843,933
DOBACK024,20251007,ROTATIVO,6,2025-10-07T09:55:48.000Z,2025-10-07T10:48:21.000Z,3153,211,934,1146
DOBACK024,20251007,ROTATIVO,7,2025-10-07T10:53:52.000Z,2025-10-07T11:13:23.000Z,1171,79,1147,1227
DOBACK024,20251007,ROTATIVO,8,2025-10-07T15:33:30.000Z,2025-10-07T17:06:04.000Z,5554,371,1228,1600
DOBACK024,20251007,ROTATIVO,9,2025-10-07T18:33:09.000Z,2025-10-07T18:56:10.000Z,1381,93,1601,1695
DOBACK024,20251008,ROTATIVO,1,2025-10-08T02:43:29.000Z,2025-10-08T03:25:31.000Z,2522,169,1,171
DOBACK024,20251008,ROTATIVO,2,2025-10-08T03:30:11.000Z,2025-10-08T03:41:26.000Z,675,46,172,219
DOBACK024,20251008,ROTATIVO,3,2025-10-08T03:49:45.000Z,2025-10-08T04:26:17.000Z,2192,147,220,368
DOBACK024,20251008,ROTATIVO,4,2025-10-08T07:21:40.000Z,2025-10-08T07:42:56.000Z,1276,86,369,456
DOBACK024,20251008,ROTATIVO,5,2025-10-08T09:13:27.000Z,2025-10-08T09:24:28.000Z,661,45,457,503
DOBACK024,20251008,ROTATIVO,6,2025-10-08T11:06:11.000Z,2025-10-08T11:15:27.000Z,556,38,504,543
DOBACK024,20251008,ROTATIVO,7,2025-10-08T14:39:48.000Z,2025-10-08T15:36:51.000Z,3423,229,544,774
DOBACK026,20250925,CAN,null,2025-09-25T14:18:43.000Z,2025-09-25T14:26:25.000Z,462,18014,1,18015
DOBACK026,20250925,CAN,null,2025-09-25T14:28:47.000Z,2025-09-25T14:36:41.000Z,474,18469,1,18470
DOBACK026,20250925,CAN,null,2025-09-25T14:51:21.000Z,2025-09-25T15:25:52.000Z,2071,80842,1,80843
DOBACK026,20250925,CAN,null,2025-09-25T15:29:30.000Z,2025-09-25T15:30:55.000Z,85,3284,1,3285
DOBACK026,20250926,CAN,1,2025-09-26T06:26:40.000Z,2025-09-26T06:29:27.000Z,167,6536,1,6538
DOBACK026,20250926,CAN,2,2025-09-26T06:29:39.000Z,2025-09-26T06:29:59.000Z,20,798,6539,7338
DOBACK026,20250926,CAN,3,2025-09-26T06:30:58.000Z,2025-09-26T06:37:27.000Z,389,15194,7339,22534
DOBACK026,20250926,CAN,4,2025-09-26T06:37:44.000Z,2025-09-26T06:38:01.000Z,17,642,22535,23178
DOBACK026,20250926,CAN,5,2025-09-26T06:39:38.000Z,2025-09-26T08:30:57.000Z,6679,260690,23179,283870
DOBACK026,20250926,CAN,6,2025-09-26T08:32:10.000Z,2025-09-26T08:36:03.000Z,233,9081,283871,292953
DOBACK026,20250926,CAN,7,2025-09-26T08:59:05.000Z,2025-09-26T09:02:42.000Z,217,8468,292954,301423
DOBACK026,20250926,CAN,8,2025-09-26T09:28:10.000Z,2025-09-26T09:52:38.000Z,1468,57318,301424,358743
DOBACK026,20250926,CAN,9,2025-09-26T09:53:48.000Z,2025-09-26T10:05:59.000Z,731,28528,358744,387273
DOBACK026,20250926,CAN,10,2025-09-26T10:13:04.000Z,2025-09-26T10:13:43.000Z,39,1554,387274,388829
DOBACK026,20250926,CAN,11,2025-09-26T10:15:44.000Z,2025-09-26T10:16:17.000Z,33,1283,388830,390114
DOBACK026,20250926,CAN,12,2025-09-26T10:16:33.000Z,2025-09-26T10:16:53.000Z,20,814,390115,390930
DOBACK026,20250926,CAN,13,2025-09-26T10:18:05.000Z,2025-09-26T10:18:53.000Z,48,1890,390931,392822
DOBACK026,20250926,CAN,14,2025-09-26T10:27:55.000Z,2025-09-26T10:31:08.000Z,193,7558,392823,400382
DOBACK026,20250926,CAN,15,2025-09-26T10:37:41.000Z,2025-09-26T10:45:39.000Z,478,18696,400383,419080
DOBACK026,20250925,estabilidad,null,2025-09-25T15:32:47.000Z,2025-09-25T15:32:47.000Z,null,491512,1,540665
DOBACK026,20250926,estabilidad,6,null,null,null,17679,1,19448
DOBACK026,20250926,estabilidad,7,null,null,null,2247,19449,21921
DOBACK026,20250926,estabilidad,8,null,null,null,319,21922,22273
DOBACK026,20250926,estabilidad,9,null,null,null,1457,22274,23877
DOBACK026,20250926,estabilidad,10,null,null,null,14657,23878,40001
DOBACK026,20250926,estabilidad,11,null,null,null,7237,40002,47963
DOBACK026,20250926,estabilidad,12,null,null,null,347,47964,48346
DOBACK026,20250926,GPS,1,2025-09-26T12:01:51.000Z,2025-09-26T12:01:51.000Z,null,122,1,124
DOBACK027,20250929,CAN,10,2025-09-29T12:02:47.000Z,2025-09-29T12:07:23.000Z,276,36,1,38
DOBACK027,20250929,CAN,11,2025-09-29T12:07:52.000Z,2025-09-29T12:08:42.000Z,50,6,39,46
DOBACK027,20250929,CAN,12,2025-09-29T12:10:50.000Z,2025-09-29T12:12:06.000Z,76,8,47,56
DOBACK027,20250929,CAN,13,2025-09-29T17:01:36.000Z,2025-09-29T18:02:07.000Z,3631,292,57,350
DOBACK027,20250929,CAN,14,2025-09-29T18:04:25.000Z,2025-09-29T18:04:51.000Z,26,4,351,356
DOBACK027,20250930,CAN,1,2025-09-30T07:38:54.000Z,2025-09-30T08:03:05.000Z,1451,118,1,120
DOBACK027,20250930,CAN,2,2025-09-30T08:03:50.000Z,2025-09-30T08:03:50.000Z,null,2,121,124
DOBACK027,20250930,CAN,3,2025-09-30T08:05:44.000Z,2025-09-30T08:06:59.000Z,75,8,125,134
DOBACK027,20251001,CAN,1,2025-10-01T07:52:32.000Z,2025-10-01T08:12:36.000Z,1204,98,1,100
DOBACK027,20251001,CAN,2,2025-10-01T08:13:05.000Z,2025-10-01T08:13:55.000Z,50,6,101,108
DOBACK027,20251001,CAN,3,2025-10-01T09:42:44.000Z,2025-10-01T09:59:01.000Z,977,80,109,190
DOBACK027,20251001,CAN,4,2025-10-01T09:59:36.000Z,2025-10-01T10:00:01.000Z,25,4,191,196
DOBACK027,20251001,CAN,5,2025-10-01T10:38:13.000Z,2025-10-01T10:51:34.000Z,801,66,197,264
DOBACK027,20251001,CAN,6,2025-10-01T10:53:15.000Z,2025-10-01T10:53:40.000Z,25,4,265,270
DOBACK027,20251001,CAN,7,2025-10-01T11:00:40.000Z,2025-10-01T11:00:40.000Z,null,2,271,274
DOBACK027,20251001,CAN,8,2025-10-01T11:03:15.000Z,2025-10-01T11:04:31.000Z,76,8,275,284
DOBACK027,20251001,CAN,9,2025-10-01T20:42:25.000Z,2025-10-01T20:42:25.000Z,null,2,285,288
DOBACK027,20251001,CAN,10,2025-10-01T20:42:54.000Z,2025-10-01T20:42:54.000Z,null,2,289,292
DOBACK027,20251001,CAN,11,2025-10-01T20:44:13.000Z,2025-10-01T20:51:43.000Z,450,38,293,332
DOBACK027,20251001,CAN,12,2025-10-01T20:52:11.000Z,2025-10-01T20:52:11.000Z,null,2,333,336
DOBACK027,20251001,CAN,13,2025-10-01T20:52:11.000Z,2025-10-01T20:52:11.000Z,null,2,337,340
DOBACK027,20251001,CAN,14,2025-10-01T20:57:15.000Z,2025-10-01T20:57:40.000Z,25,4,341,346
DOBACK027,20251001,CAN,15,2025-10-01T20:58:00.000Z,2025-10-01T20:58:00.000Z,null,2,347,350
DOBACK027,20251001,CAN,16,2025-10-01T20:58:00.000Z,2025-10-01T20:58:00.000Z,null,2,351,354
DOBACK027,20251001,CAN,17,2025-10-01T21:00:52.000Z,2025-10-01T21:22:33.000Z,1301,106,355,462
DOBACK027,20251001,CAN,18,2025-10-01T21:22:58.000Z,2025-10-01T21:23:49.000Z,51,6,463,470
DOBACK027,20251002,CAN,1,2025-10-02T07:50:14.000Z,2025-10-02T07:51:29.000Z,75,8,1,10
DOBACK027,20251002,CAN,2,2025-10-02T07:52:12.000Z,2025-10-02T07:52:12.000Z,null,2,11,14
DOBACK027,20251002,CAN,3,2025-10-02T07:53:05.000Z,2025-10-02T08:37:38.000Z,2673,206,15,224
DOBACK027,20251002,CAN,5,2025-10-02T08:38:14.000Z,2025-10-02T08:38:14.000Z,null,2,225,228
DOBACK027,20251003,CAN,1,2025-10-03T07:47:31.000Z,2025-10-03T08:36:24.000Z,2933,236,1,238
DOBACK027,20251003,CAN,2,2025-10-03T08:38:22.000Z,2025-10-03T08:38:47.000Z,25,4,239,244
DOBACK027,20251004,CAN,1,2025-10-04T07:54:23.000Z,2025-10-04T08:10:16.000Z,953,78,1,80
DOBACK027,20251004,CAN,2,2025-10-04T08:12:01.000Z,2025-10-04T08:12:51.000Z,50,6,81,88
DOBACK027,20251004,CAN,3,2025-10-04T08:22:04.000Z,2025-10-04T08:22:54.000Z,50,6,89,96
DOBACK027,20251004,CAN,4,2025-10-04T08:25:38.000Z,2025-10-04T08:26:28.000Z,50,6,97,104
DOBACK027,20251004,CAN,5,2025-10-04T12:26:57.000Z,2025-10-04T12:27:22.000Z,25,4,105,110
DOBACK027,20251004,CAN,6,2025-10-04T12:28:28.000Z,2025-10-04T12:30:08.000Z,100,10,111,122
DOBACK027,20251004,CAN,7,2025-10-04T12:31:44.000Z,2025-10-04T12:32:34.000Z,50,5,123,129
DOBACK027,20251005,CAN,1,2025-10-05T07:40:41.000Z,2025-10-05T08:13:17.000Z,1956,158,1,160
DOBACK027,20251005,CAN,2,2025-10-05T08:15:07.000Z,2025-10-05T08:15:32.000Z,25,4,161,166
DOBACK027,20251005,CAN,3,2025-10-05T14:04:39.000Z,2025-10-05T14:29:15.000Z,1476,120,167,288
DOBACK027,20251005,CAN,4,2025-10-05T14:29:35.000Z,2025-10-05T14:29:35.000Z,null,2,289,292
DOBACK027,20251005,CAN,5,2025-10-05T14:31:01.000Z,2025-10-05T14:34:46.000Z,225,20,293,314
DOBACK027,20251005,CAN,6,2025-10-05T14:35:18.000Z,2025-10-05T14:35:18.000Z,null,2,315,318
DOBACK027,20251005,CAN,7,2025-10-05T14:36:38.000Z,2025-10-05T14:37:53.000Z,75,8,319,328
DOBACK027,20251005,CAN,8,2025-10-05T14:38:07.000Z,2025-10-05T14:38:07.000Z,null,2,329,332
DOBACK027,20251005,CAN,9,2025-10-05T14:39:29.000Z,2025-10-05T14:40:44.000Z,75,8,333,342
DOBACK027,20251005,CAN,10,2025-10-05T14:41:16.000Z,2025-10-05T14:42:06.000Z,50,6,343,350
DOBACK027,20251006,CAN,1,2025-10-06T07:44:32.000Z,2025-10-06T08:12:30.000Z,1678,136,1,138
DOBACK027,20251006,CAN,2,2025-10-06T08:14:47.000Z,2025-10-06T08:14:47.000Z,null,2,139,142
DOBACK027,20251006,CAN,3,2025-10-06T10:37:20.000Z,2025-10-06T10:39:51.000Z,151,14,143,158
DOBACK027,20251006,CAN,4,2025-10-06T10:40:30.000Z,2025-10-06T10:40:30.000Z,null,2,159,162
DOBACK027,20251006,CAN,5,2025-10-06T10:41:29.000Z,2025-10-06T10:41:29.000Z,null,2,163,166
DOBACK027,20251006,CAN,6,2025-10-06T10:42:51.000Z,2025-10-06T10:43:41.000Z,50,6,167,174
DOBACK027,20251006,CAN,7,2025-10-06T10:44:22.000Z,2025-10-06T10:44:22.000Z,null,2,175,178
DOBACK027,20251006,CAN,8,2025-10-06T10:45:18.000Z,2025-10-06T10:48:39.000Z,201,18,179,198
DOBACK027,20251006,CAN,9,2025-10-06T10:50:41.000Z,2025-10-06T10:51:56.000Z,75,8,199,208
DOBACK027,20251006,CAN,10,2025-10-06T10:54:37.000Z,2025-10-06T10:56:43.000Z,126,12,209,222
DOBACK027,20251006,CAN,11,2025-10-06T10:57:42.000Z,2025-10-06T10:57:42.000Z,null,2,223,226
DOBACK027,20251006,CAN,12,2025-10-06T10:58:36.000Z,2025-10-06T11:02:21.000Z,225,20,227,248
DOBACK027,20251006,CAN,13,2025-10-06T11:02:38.000Z,2025-10-06T11:03:28.000Z,50,6,249,256
DOBACK027,20251007,CAN,1,2025-10-07T07:56:05.000Z,2025-10-07T09:10:49.000Z,4484,360,1,362
DOBACK027,20251007,CAN,2,2025-10-07T09:11:02.000Z,2025-10-07T09:11:02.000Z,null,2,363,366
DOBACK027,20251007,CAN,3,2025-10-07T09:11:02.000Z,2025-10-07T09:11:52.000Z,50,6,367,374
DOBACK027,20251007,CAN,4,2025-10-07T18:34:09.000Z,2025-10-07T18:36:39.000Z,150,14,375,390
DOBACK027,20251007,CAN,5,2025-10-07T18:36:59.000Z,2025-10-07T18:36:59.000Z,null,2,391,394
DOBACK027,20251007,CAN,6,2025-10-07T18:36:51.000Z,2025-10-07T18:36:51.000Z,null,2,395,398
DOBACK027,20251007,CAN,7,2025-10-07T18:36:51.000Z,2025-10-07T18:36:51.000Z,null,2,399,402
DOBACK027,20251007,CAN,8,2025-10-07T18:36:52.000Z,2025-10-07T18:36:52.000Z,null,2,403,406
DOBACK027,20251007,CAN,9,2025-10-07T18:36:52.000Z,2025-10-07T18:36:52.000Z,null,2,407,410
DOBACK027,20251007,CAN,10,2025-10-07T18:36:51.000Z,2025-10-07T18:36:51.000Z,null,2,411,414
DOBACK027,20251007,CAN,11,2025-10-07T18:36:51.000Z,2025-10-07T18:36:51.000Z,null,2,415,418
DOBACK027,20251007,CAN,12,2025-10-07T18:36:51.000Z,2025-10-07T18:36:51.000Z,null,2,419,422
DOBACK027,20251007,CAN,13,2025-10-07T18:47:33.000Z,2025-10-07T18:47:58.000Z,25,4,423,428
DOBACK027,20251007,CAN,14,2025-10-07T18:48:19.000Z,2025-10-07T18:48:19.000Z,null,2,429,432
DOBACK027,20251007,CAN,15,2025-10-07T18:48:19.000Z,2025-10-07T18:48:19.000Z,null,2,433,436
DOBACK027,20251007,CAN,16,2025-10-07T18:50:51.000Z,2025-10-07T18:52:06.000Z,75,8,437,446
DOBACK027,20251007,CAN,17,2025-10-07T18:52:39.000Z,2025-10-07T18:52:39.000Z,null,2,447,450
DOBACK027,20251007,CAN,18,2025-10-07T18:53:59.000Z,2025-10-07T18:56:29.000Z,150,14,451,466
DOBACK027,20251007,CAN,19,2025-10-07T18:56:48.000Z,2025-10-07T18:56:49.000Z,1,2,467,470
DOBACK027,20251008,CAN,1,2025-10-08T02:43:51.000Z,2025-10-08T02:49:17.000Z,326,28,1,30
DOBACK027,20251008,CAN,2,2025-10-08T02:49:50.000Z,2025-10-08T02:49:50.000Z,null,2,31,34
DOBACK027,20251008,CAN,3,2025-10-08T02:51:09.000Z,2025-10-08T03:10:20.000Z,1151,94,35,130
DOBACK027,20251008,CAN,4,2025-10-08T03:10:50.000Z,2025-10-08T03:10:50.000Z,null,2,131,134
DOBACK027,20251008,CAN,5,2025-10-08T03:10:50.000Z,2025-10-08T03:10:50.000Z,null,2,135,138
DOBACK027,20251008,CAN,6,2025-10-08T03:10:50.000Z,2025-10-08T03:10:50.000Z,null,2,139,142
DOBACK027,20251008,CAN,7,2025-10-08T03:14:54.000Z,2025-10-08T03:14:54.000Z,null,2,143,146
DOBACK027,20251008,CAN,8,2025-10-08T03:15:31.000Z,2025-10-08T03:15:31.000Z,null,2,147,150
DOBACK027,20251008,CAN,9,2025-10-08T03:15:30.000Z,2025-10-08T03:15:30.000Z,null,2,151,154
DOBACK027,20251008,CAN,10,2025-10-08T03:15:30.000Z,2025-10-08T03:15:55.000Z,25,4,155,160
DOBACK027,20251008,CAN,11,2025-10-08T03:19:39.000Z,2025-10-08T03:25:05.000Z,326,28,161,190
DOBACK027,20251008,CAN,12,2025-10-08T03:25:32.000Z,2025-10-08T03:25:32.000Z,null,2,191,194
DOBACK027,20251008,CAN,13,2025-10-08T03:25:32.000Z,2025-10-08T03:25:32.000Z,null,2,195,198
DOBACK027,20251008,CAN,14,2025-10-08T03:33:01.000Z,2025-10-08T03:37:37.000Z,276,24,199,224
DOBACK027,20251008,CAN,15,2025-10-08T03:38:09.000Z,2025-10-08T03:38:09.000Z,null,2,225,228
DOBACK027,20251008,CAN,16,2025-10-08T03:39:27.000Z,2025-10-08T03:42:47.000Z,200,18,229,248
DOBACK027,20251008,CAN,17,2025-10-08T03:43:15.000Z,2025-10-08T03:44:30.000Z,75,8,249,258
DOBACK027,20251008,CAN,18,2025-10-08T07:38:03.000Z,2025-10-08T07:50:10.000Z,727,60,259,320
DOBACK027,20251008,CAN,19,2025-10-08T07:50:35.000Z,2025-10-08T07:51:00.000Z,25,4,321,326
DOBACK027,20251008,CAN,20,2025-10-08T11:06:41.000Z,2025-10-08T11:11:41.000Z,300,26,327,354
DOBACK027,20251008,CAN,21,2025-10-08T11:11:58.000Z,2025-10-08T11:11:58.000Z,null,2,355,358
DOBACK027,20251008,CAN,22,2025-10-08T11:13:23.000Z,2025-10-08T11:15:03.000Z,100,10,359,370
DOBACK027,20251008,CAN,23,2025-10-08T11:15:38.000Z,2025-10-08T11:16:29.000Z,51,6,371,378
DOBACK027,20251008,CAN,24,2025-10-08T11:15:39.000Z,2025-10-08T11:15:39.000Z,null,2,379,382
DOBACK027,20250929,estabilidad,1,null,null,null,18649,1,20515
DOBACK027,20250929,estabilidad,2,null,null,null,4819,20516,25817
DOBACK027,20250929,estabilidad,3,null,null,null,18399,25818,46057
DOBACK027,20250929,estabilidad,4,null,null,null,19996,46058,68054
DOBACK027,20250929,estabilidad,5,null,null,null,21729,68055,92243
DOBACK027,20250929,estabilidad,6,null,null,null,349,92248,92632
DOBACK027,20250930,estabilidad,1,null,null,null,15099,1,16612
DOBACK027,20251001,estabilidad,1,null,null,null,12180,1,13399
DOBACK027,20251001,estabilidad,2,null,null,null,10229,13401,24653
DOBACK027,20251001,estabilidad,3,null,null,null,8489,24654,33992
DOBACK027,20251001,estabilidad,4,null,null,null,569,33993,34619
DOBACK027,20251001,estabilidad,5,null,null,null,949,34620,35664
DOBACK027,20251001,estabilidad,6,null,null,null,4819,35665,40966
DOBACK027,20251001,estabilidad,7,null,null,null,467,40967,41481
DOBACK027,20251001,estabilidad,8,null,null,null,188,41482,41689
DOBACK027,20251001,estabilidad,9,null,null,null,13288,41690,56307
DOBACK027,20251001,estabilidad,10,null,null,null,497,56308,56855
DOBACK027,20251002,estabilidad,1,null,null,null,772,1,851
DOBACK027,20251002,estabilidad,2,null,null,null,15326,852,17914
DOBACK027,20251002,estabilidad,4,null,null,null,178,17915,18111
DOBACK027,20251003,estabilidad,1,null,null,null,7780,1,8559
DOBACK027,20251003,estabilidad,2,null,null,null,419,8561,9022
DOBACK027,20251004,estabilidad,1,null,null,null,9630,1,10594
DOBACK027,20251004,estabilidad,2,null,null,null,1169,10596,11882
DOBACK027,20251004,estabilidad,3,null,null,null,949,11883,12927
DOBACK027,20251004,estabilidad,4,null,null,null,1067,12928,14102
DOBACK027,20251004,estabilidad,5,null,null,null,506,14103,14660
DOBACK027,20251005,estabilidad,1,null,null,null,15463,1,17089
DOBACK027,20251005,estabilidad,2,null,null,null,15399,17093,34032
DOBACK027,20251005,estabilidad,3,null,null,null,2628,34033,36924
DOBACK027,20251005,estabilidad,4,null,null,null,939,36925,37958
DOBACK027,20251005,estabilidad,5,null,null,null,1107,37959,39177
DOBACK027,20251005,estabilidad,6,null,null,null,509,39178,39738
DOBACK027,20251006,estabilidad,1,null,null,null,3590,1,4199
DOBACK027,20251006,estabilidad,2,null,null,null,1653,4206,6025
DOBACK027,20251006,estabilidad,3,null,null,null,29,6026,6058
DOBACK027,20251006,estabilidad,4,null,null,null,700,6059,6829
DOBACK027,20251006,estabilidad,5,null,null,null,158,6831,7005
DOBACK027,20251006,estabilidad,6,null,null,null,60,7007,7102
DOBACK027,20251006,estabilidad,7,null,null,null,825,7109,8017
DOBACK027,20251007,estabilidad,1,null,null,null,10620,1,12328
DOBACK027,20251007,estabilidad,2,null,null,null,5,12330,12336
DOBACK027,20251007,estabilidad,3,null,null,null,1969,12338,14504
DOBACK027,20251007,estabilidad,4,null,null,null,88,14505,14602
DOBACK027,20251007,estabilidad,5,null,null,null,17,14603,14622
DOBACK027,20251007,estabilidad,6,null,null,null,28,14623,14654
DOBACK027,20251007,estabilidad,7,null,null,null,67,14655,14729
DOBACK027,20251007,estabilidad,8,null,null,null,25,14730,14758
DOBACK027,20251007,estabilidad,9,null,null,null,68,14759,14834
DOBACK027,20251007,estabilidad,10,null,null,null,77,14835,14920
DOBACK027,20251007,estabilidad,11,null,null,null,448,14921,15414
DOBACK027,20251007,estabilidad,12,null,null,null,1127,15415,16655
DOBACK027,20251007,estabilidad,13,null,null,null,1717,16656,18545
DOBACK027,20251007,estabilidad,14,null,null,null,168,18546,18731
DOBACK027,20251008,estabilidad,1,null,null,null,3470,1,3818
DOBACK027,20251008,estabilidad,2,null,null,null,11857,3820,16863
DOBACK027,20251008,estabilidad,3,null,null,null,127,16864,17004
DOBACK027,20251008,estabilidad,4,null,null,null,7,17005,17013
DOBACK027,20251008,estabilidad,5,null,null,null,427,17014,17484
DOBACK027,20251008,estabilidad,6,null,null,null,174,17485,17677
DOBACK027,20251008,estabilidad,7,null,null,null,3607,17678,21646
DOBACK027,20251008,estabilidad,8,null,null,null,89,21647,21745
DOBACK027,20251008,estabilidad,9,null,null,null,3087,21746,25142
DOBACK027,20251008,estabilidad,10,null,null,null,2308,25143,27682
DOBACK027,20251008,estabilidad,11,null,null,null,8068,27683,36558
DOBACK027,20251008,estabilidad,12,null,null,null,3559,36559,40474
DOBACK027,20251008,estabilidad,13,null,null,null,1378,40475,41991
DOBACK027,20251008,estabilidad,14,null,null,null,509,41992,42552
DOBACK027,20251008,estabilidad,15,null,null,null,167,42553,42737
DOBACK027,20250929,GPS,1,2025-09-29T10:14:36.000Z,2025-09-29T10:14:36.000Z,null,1634,1,1636
DOBACK027,20250929,GPS,2,2025-09-29T10:49:02.000Z,2025-09-29T10:49:02.000Z,null,436,1637,2074
DOBACK027,20250929,GPS,3,2025-09-29T11:00:50.000Z,2025-09-29T11:00:50.000Z,null,1596,2075,3672
DOBACK027,20250929,GPS,4,2025-09-29T11:35:01.000Z,2025-09-29T11:35:01.000Z,null,1198,3673,5449
DOBACK027,20250929,GPS,5,2025-09-29T12:10:44.000Z,2025-09-29T12:10:44.000Z,null,379,5450,5830
DOBACK027,20250929,GPS,6,2025-09-29T18:04:16.000Z,2025-09-29T18:04:16.000Z,null,52,8672,8725
DOBACK027,20250930,GPS,1,2025-09-30T07:38:54.000Z,2025-09-30T07:38:54.000Z,null,209,1,225
DOBACK027,20250930,GPS,2,2025-09-30T08:03:43.000Z,2025-09-30T08:03:43.000Z,null,77,1280,1367
DOBACK027,20251001,GPS,1,2025-10-01T07:52:32.000Z,2025-10-01T07:52:32.000Z,null,235,1,237
DOBACK027,20251001,GPS,2,2025-10-01T08:12:58.000Z,2025-10-01T08:12:58.000Z,null,211,1061,1273
DOBACK027,20251001,GPS,3,2025-10-01T09:59:26.000Z,2025-10-01T09:59:26.000Z,null,0,1971,1971
DOBACK027,20251001,GPS,4,2025-10-01T09:59:26.000Z,2025-10-01T09:59:26.000Z,null,435,1973,2409
DOBACK027,20251001,GPS,5,2025-10-01T10:53:02.000Z,2025-10-01T10:53:02.000Z,null,0,2725,2725
DOBACK027,20251002,GPS,1,2025-10-02T07:50:14.000Z,2025-10-02T07:50:14.000Z,null,67,1,69
DOBACK027,20251002,GPS,2,2025-10-02T07:52:00.000Z,2025-10-02T07:52:00.000Z,null,122,70,2342
DOBACK027,20251002,GPS,4,2025-10-02T08:38:07.000Z,2025-10-02T08:38:07.000Z,null,24,2343,2368
DOBACK027,20251003,GPS,1,2025-10-03T07:47:31.000Z,2025-10-03T07:47:31.000Z,null,141,1,143
DOBACK027,20251003,GPS,2,2025-10-03T08:38:04.000Z,2025-10-03T08:38:04.000Z,null,49,2561,2611
DOBACK027,20251004,GPS,1,2025-10-04T07:54:23.000Z,2025-10-04T07:54:23.000Z,null,95,1,97
DOBACK027,20251004,GPS,2,2025-10-04T08:11:54.000Z,2025-10-04T08:11:54.000Z,null,2,833,945
DOBACK027,20251004,GPS,3,2025-10-04T08:24:36.000Z,2025-10-04T08:24:36.000Z,null,0,946,946
DOBACK027,20251004,GPS,4,2025-10-04T08:25:31.000Z,2025-10-04T08:25:31.000Z,null,87,948,1036
DOBACK027,20251004,GPS,5,2025-10-04T12:28:21.000Z,2025-10-04T12:28:21.000Z,null,63,1037,1101
DOBACK027,20251004,GPS,6,2025-10-04T12:31:36.000Z,2025-10-04T12:31:36.000Z,null,52,1141,1194
DOBACK027,20251005,GPS,1,2025-10-05T07:40:41.000Z,2025-10-05T07:40:41.000Z,null,141,1,143
DOBACK027,20251005,GPS,2,2025-10-05T08:14:59.000Z,2025-10-05T08:14:59.000Z,null,206,1684,1891
DOBACK027,20251006,GPS,1,2025-10-06T07:44:32.000Z,2025-10-06T07:44:32.000Z,null,288,1,290
DOBACK027,20251007,GPS,1,2025-10-07T07:56:05.000Z,2025-10-07T07:56:05.000Z,null,136,1,138
DOBACK027,20251007,GPS,2,2025-10-07T09:10:56.000Z,2025-10-07T09:10:56.000Z,null,0,3867,3867
DOBACK027,20251007,GPS,3,2025-10-07T09:10:56.000Z,2025-10-07T09:10:56.000Z,null,185,3893,4079
DOBACK027,20251007,GPS,4,2025-10-07T18:36:48.000Z,2025-10-07T18:36:48.000Z,null,13,4080,4094
DOBACK027,20251007,GPS,5,2025-10-07T18:36:45.000Z,2025-10-07T18:36:45.000Z,null,0,4095,4095
DOBACK027,20251007,GPS,6,2025-10-07T18:36:45.000Z,2025-10-07T18:36:45.000Z,null,0,4106,4106
DOBACK027,20251007,GPS,7,2025-10-07T18:36:45.000Z,2025-10-07T18:36:45.000Z,null,0,4120,4120
DOBACK027,20251007,GPS,8,2025-10-07T18:36:45.000Z,2025-10-07T18:36:45.000Z,null,0,4137,4137
DOBACK027,20251007,GPS,9,2025-10-07T18:36:45.000Z,2025-10-07T18:36:45.000Z,null,0,4149,4149
DOBACK027,20251007,GPS,10,2025-10-07T18:36:45.000Z,2025-10-07T18:36:45.000Z,null,0,4166,4166
DOBACK027,20251007,GPS,11,2025-10-07T18:36:45.000Z,2025-10-07T18:36:45.000Z,null,0,4183,4183
DOBACK027,20251007,GPS,12,2025-10-07T18:48:12.000Z,2025-10-07T18:48:12.000Z,null,0,4233,4233
DOBACK027,20251007,GPS,13,2025-10-07T18:48:12.000Z,2025-10-07T18:48:12.000Z,null,0,4244,4244
DOBACK027,20251007,GPS,14,2025-10-07T18:52:32.000Z,2025-10-07T18:52:32.000Z,null,0,4352,4352
DOBACK027,20251007,GPS,15,2025-10-07T18:56:42.000Z,2025-10-07T18:56:42.000Z,null,22,4508,4531
DOBACK027,20251008,GPS,1,2025-10-08T02:43:51.000Z,2025-10-08T02:43:51.000Z,null,302,1,304
DOBACK027,20251008,GPS,2,2025-10-08T02:49:43.000Z,2025-10-08T02:49:43.000Z,null,0,312,312
DOBACK027,20251008,GPS,3,2025-10-08T03:10:44.000Z,2025-10-08T03:10:44.000Z,null,0,1365,1365
DOBACK027,20251008,GPS,4,2025-10-08T03:10:44.000Z,2025-10-08T03:10:44.000Z,null,0,1386,1386
DOBACK027,20251008,GPS,5,2025-10-08T03:10:43.000Z,2025-10-08T03:10:43.000Z,null,0,1398,1398
DOBACK027,20251008,GPS,6,2025-10-08T03:15:24.000Z,2025-10-08T03:15:24.000Z,null,0,1447,1447
DOBACK027,20251008,GPS,7,2025-10-08T03:15:24.000Z,2025-10-08T03:15:24.000Z,null,0,1474,1474
DOBACK027,20251008,GPS,8,2025-10-08T03:15:23.000Z,2025-10-08T03:15:23.000Z,null,0,1485,1485
DOBACK027,20251008,GPS,9,2025-10-08T03:25:25.000Z,2025-10-08T03:25:25.000Z,null,0,1813,1813
DOBACK027,20251008,GPS,10,2025-10-08T03:25:25.000Z,2025-10-08T03:25:25.000Z,null,0,1827,1827
DOBACK027,20251008,GPS,11,2025-10-08T03:37:59.000Z,2025-10-08T03:37:59.000Z,null,0,2113,2113
DOBACK027,20251008,GPS,12,2025-10-08T03:43:08.000Z,2025-10-08T03:43:08.000Z,null,0,2330,2330
DOBACK027,20251008,GPS,13,2025-10-08T03:43:08.000Z,2025-10-08T03:43:08.000Z,null,0,2332,2332
DOBACK027,20251008,GPS,14,2025-10-08T03:43:08.000Z,2025-10-08T03:43:08.000Z,null,120,2334,2455
DOBACK027,20250929,ROTATIVO,1,2025-09-29T10:12:46.000Z,2025-09-29T10:12:46.000Z,null,1,1,3
DOBACK027,20250929,ROTATIVO,2,2025-09-29T10:14:36.000Z,2025-09-29T10:46:47.000Z,1931,126,4,131
DOBACK027,20250929,ROTATIVO,3,2025-09-29T10:49:02.000Z,2025-09-29T10:52:04.000Z,182,5,132,138
DOBACK027,20250930,ROTATIVO,1,2025-09-30T07:38:56.000Z,2025-09-30T08:03:13.000Z,1457,98,1,100
DOBACK027,20250930,ROTATIVO,2,2025-09-30T08:03:43.000Z,2025-09-30T08:03:22.000Z,-21,2,101,106
DOBACK027,20250930,ROTATIVO,4,2025-09-30T08:05:35.000Z,2025-09-30T08:06:50.000Z,75,6,107,114
DOBACK027,20251001,ROTATIVO,1,2025-10-01T07:52:34.000Z,2025-10-01T08:12:50.000Z,1216,82,1,84
DOBACK027,20251001,ROTATIVO,2,2025-10-01T08:12:58.000Z,2025-10-01T09:59:18.000Z,6380,71,85,157
DOBACK027,20251001,ROTATIVO,3,2025-10-01T09:59:26.000Z,2025-10-01T09:59:26.000Z,null,1,158,160
DOBACK027,20251001,ROTATIVO,4,2025-10-01T09:59:26.000Z,2025-10-01T10:51:30.000Z,3124,58,161,220
DOBACK027,20251001,ROTATIVO,5,2025-10-01T10:53:02.000Z,2025-10-01T11:00:42.000Z,460,5,221,227
DOBACK027,20251001,ROTATIVO,6,2025-10-01T11:01:43.000Z,2025-10-01T11:01:43.000Z,null,1,228,230
DOBACK027,20251001,ROTATIVO,7,2025-10-01T11:03:09.000Z,2025-10-01T20:42:27.000Z,34758,7,231,239
DOBACK027,20251001,ROTATIVO,8,2025-10-01T20:42:47.000Z,2025-10-01T20:51:46.000Z,539,33,240,274
DOBACK027,20251001,ROTATIVO,9,2025-10-01T20:52:04.000Z,2025-10-01T20:52:04.000Z,null,1,275,277
DOBACK027,20251001,ROTATIVO,10,2025-10-01T20:52:04.000Z,2025-10-01T20:52:04.000Z,null,1,278,280
DOBACK027,20251001,ROTATIVO,11,2025-10-01T20:52:04.000Z,2025-10-01T20:57:32.000Z,328,4,281,286
DOBACK027,20251001,ROTATIVO,12,2025-10-01T20:57:53.000Z,2025-10-01T20:58:08.000Z,15,2,287,290
DOBACK027,20251001,ROTATIVO,13,2025-10-01T20:57:53.000Z,2025-10-01T21:22:40.000Z,1487,90,291,382
DOBACK027,20251001,ROTATIVO,14,2025-10-01T21:22:52.000Z,2025-10-01T21:23:37.000Z,45,4,383,388
DOBACK027,20251002,ROTATIVO,1,2025-10-02T07:50:17.000Z,2025-10-02T07:51:32.000Z,75,6,1,8
DOBACK027,20251002,ROTATIVO,2,2025-10-02T07:52:00.000Z,2025-10-02T08:30:14.000Z,2294,171,9,183
DOBACK027,20251002,ROTATIVO,4,2025-10-02T08:36:58.000Z,2025-10-02T08:37:28.000Z,30,3,184,188
DOBACK027,20251002,ROTATIVO,5,2025-10-02T08:38:07.000Z,2025-10-02T08:38:22.000Z,15,2,189,192
DOBACK027,20251003,ROTATIVO,1,2025-10-03T07:47:33.000Z,2025-10-03T08:36:36.000Z,2943,197,1,199
DOBACK027,20251003,ROTATIVO,2,2025-10-03T08:38:04.000Z,2025-10-03T08:38:49.000Z,45,4,200,205
DOBACK027,20251004,ROTATIVO,1,2025-10-04T07:54:28.000Z,2025-10-04T08:10:14.000Z,946,64,1,66
DOBACK027,20251004,ROTATIVO,2,2025-10-04T08:11:54.000Z,2025-10-04T08:23:07.000Z,673,9,67,77
DOBACK027,20251004,ROTATIVO,3,2025-10-04T08:24:35.000Z,2025-10-04T08:24:35.000Z,null,1,78,80
DOBACK027,20251004,ROTATIVO,4,2025-10-04T08:25:31.000Z,2025-10-04T12:27:44.000Z,14533,8,81,90
DOBACK027,20251004,ROTATIVO,5,2025-10-04T12:28:21.000Z,2025-10-04T12:32:21.000Z,240,12,91,106
DOBACK027,20251005,ROTATIVO,1,2025-10-05T07:40:44.000Z,2025-10-05T08:13:16.000Z,1952,131,1,133
DOBACK027,20251005,ROTATIVO,2,2025-10-05T08:14:59.000Z,2025-10-05T14:29:13.000Z,22454,103,134,238
DOBACK027,20251005,ROTATIVO,3,2025-10-05T14:29:29.000Z,2025-10-05T14:35:03.000Z,334,19,239,259
DOBACK027,20251005,ROTATIVO,4,2025-10-05T14:35:11.000Z,2025-10-05T14:37:40.000Z,149,7,260,268
DOBACK027,20251005,ROTATIVO,5,2025-10-05T14:38:00.000Z,2025-10-05T14:41:01.000Z,181,9,269,279
DOBACK027,20251005,ROTATIVO,6,2025-10-05T14:41:10.000Z,2025-10-05T14:41:55.000Z,45,4,280,285
DOBACK027,20251006,ROTATIVO,1,2025-10-06T07:44:34.000Z,2025-10-06T08:12:51.000Z,1697,114,1,116
DOBACK027,20251006,ROTATIVO,2,2025-10-06T08:14:38.000Z,2025-10-06T10:39:44.000Z,8706,12,117,130
DOBACK027,20251006,ROTATIVO,3,2025-10-06T10:40:23.000Z,2025-10-06T10:40:23.000Z,null,1,131,133
DOBACK027,20251006,ROTATIVO,4,2025-10-06T10:41:15.000Z,2025-10-06T10:43:43.000Z,148,6,134,141
DOBACK027,20251006,ROTATIVO,5,2025-10-06T10:44:15.000Z,2025-10-06T10:48:36.000Z,261,16,142,159
DOBACK027,20251006,ROTATIVO,6,2025-10-06T10:50:34.000Z,2025-10-06T10:56:55.000Z,381,16,160,177
DOBACK027,20251006,ROTATIVO,7,2025-10-06T10:57:34.000Z,2025-10-06T11:02:26.000Z,292,18,178,197
DOBACK027,20251006,ROTATIVO,8,2025-10-06T11:02:32.000Z,2025-10-06T11:03:17.000Z,45,4,198,203
DOBACK027,20251007,ROTATIVO,1,2025-10-07T07:56:08.000Z,2025-10-07T09:10:42.000Z,4474,299,1,301
DOBACK027,20251007,ROTATIVO,2,2025-10-07T09:10:56.000Z,2025-10-07T09:11:11.000Z,15,2,302,305
DOBACK027,20251007,ROTATIVO,3,2025-10-07T09:10:55.000Z,2025-10-07T18:36:26.000Z,33931,14,306,321
DOBACK027,20251007,ROTATIVO,4,2025-10-07T18:36:47.000Z,2025-10-07T18:37:02.000Z,15,2,322,325
DOBACK027,20251007,ROTATIVO,5,2025-10-07T18:36:45.000Z,2025-10-07T18:36:45.000Z,null,1,326,328
DOBACK027,20251007,ROTATIVO,6,2025-10-07T18:36:45.000Z,2025-10-07T18:36:45.000Z,null,1,329,331
DOBACK027,20251007,ROTATIVO,7,2025-10-07T18:36:45.000Z,2025-10-07T18:37:00.000Z,15,2,332,335
DOBACK027,20251007,ROTATIVO,8,2025-10-07T18:36:45.000Z,2025-10-07T18:36:45.000Z,null,1,336,338
DOBACK027,20251007,ROTATIVO,9,2025-10-07T18:36:45.000Z,2025-10-07T18:37:00.000Z,15,2,339,342
DOBACK027,20251007,ROTATIVO,10,2025-10-07T18:36:45.000Z,2025-10-07T18:37:00.000Z,15,2,343,346
DOBACK027,20251007,ROTATIVO,11,2025-10-07T18:36:45.000Z,2025-10-07T18:47:51.000Z,666,4,347,352
DOBACK027,20251007,ROTATIVO,12,2025-10-07T18:48:12.000Z,2025-10-07T18:48:12.000Z,null,1,353,355
DOBACK027,20251007,ROTATIVO,13,2025-10-07T18:48:12.000Z,2025-10-07T18:52:24.000Z,252,9,356,366
DOBACK027,20251007,ROTATIVO,14,2025-10-07T18:52:32.000Z,2025-10-07T18:56:32.000Z,240,13,367,381
DOBACK027,20251007,ROTATIVO,15,2025-10-07T18:56:42.000Z,2025-10-07T18:56:57.000Z,15,2,382,385
DOBACK027,20251008,ROTATIVO,1,2025-10-08T02:43:54.000Z,2025-10-08T02:49:24.000Z,330,23,1,25
DOBACK027,20251008,ROTATIVO,2,2025-10-08T02:49:43.000Z,2025-10-08T03:10:28.000Z,1245,80,26,107
DOBACK027,20251008,ROTATIVO,3,2025-10-08T03:10:44.000Z,2025-10-08T03:10:59.000Z,15,2,108,111
DOBACK027,20251008,ROTATIVO,4,2025-10-08T03:10:43.000Z,2025-10-08T03:10:43.000Z,null,1,112,114
DOBACK027,20251008,ROTATIVO,5,2025-10-08T03:10:43.000Z,2025-10-08T03:15:09.000Z,266,4,115,120
DOBACK027,20251008,ROTATIVO,6,2025-10-08T03:15:24.000Z,2025-10-08T03:15:39.000Z,15,2,121,124
DOBACK027,20251008,ROTATIVO,7,2025-10-08T03:15:24.000Z,2025-10-08T03:15:24.000Z,null,1,125,127
DOBACK027,20251008,ROTATIVO,8,2025-10-08T03:15:23.000Z,2025-10-08T03:15:53.000Z,30,3,128,132
DOBACK028,20250930,estabilidad,2,null,null,null,418,1,461
DOBACK028,20250930,estabilidad,3,null,null,null,2304,462,2997
DOBACK028,20250930,estabilidad,4,null,null,null,2688,2998,5955
DOBACK028,20251001,estabilidad,1,null,null,null,4348,1,4784
DOBACK028,20251001,estabilidad,2,null,null,null,33137,4785,41236
DOBACK028,20251001,estabilidad,3,null,null,null,14187,41237,56843
DOBACK028,20251001,estabilidad,4,null,null,null,897,56844,57831
DOBACK028,20251001,estabilidad,5,null,null,null,13158,57832,72306
DOBACK028,20251001,estabilidad,6,null,null,null,4927,72307,77727
DOBACK028,20251001,estabilidad,7,null,null,null,268,77728,78023
DOBACK028,20251001,estabilidad,8,null,null,null,1087,78024,79220
DOBACK028,20251001,estabilidad,9,null,null,null,21228,79221,102572
DOBACK028,20251001,estabilidad,10,null,null,null,4959,102573,108028
DOBACK028,20251002,estabilidad,1,null,null,null,27237,1,29962
DOBACK028,20251002,estabilidad,2,null,null,null,25918,29963,58473
DOBACK028,20251002,estabilidad,3,null,null,null,2889,58474,61652
DOBACK028,20251002,estabilidad,4,null,null,null,108,61653,61772
DOBACK028,20251003,estabilidad,1,null,null,null,27,1,31
DOBACK028,20251003,estabilidad,2,null,null,null,2718,32,3022
DOBACK028,20251003,estabilidad,3,null,null,null,979,3023,4100
DOBACK028,20251003,estabilidad,4,null,null,null,6286,4101,11016
DOBACK028,20251003,estabilidad,5,null,null,null,1817,11017,13016
DOBACK028,20251003,estabilidad,6,null,null,null,99,13017,13126
DOBACK028,20251003,estabilidad,7,null,null,null,5249,13127,18901
DOBACK028,20251003,estabilidad,8,null,null,null,2227,18902,21352
DOBACK028,20251003,estabilidad,9,null,null,null,2249,21353,23827
DOBACK028,20251003,estabilidad,10,null,null,null,1349,23828,25312
DOBACK028,20251003,estabilidad,11,null,null,null,4437,25313,30194
DOBACK028,20251003,estabilidad,12,null,null,null,4920,30195,35607
DOBACK028,20251004,estabilidad,1,null,null,null,6769,1,7447
DOBACK028,20251004,estabilidad,2,null,null,null,4319,7448,12199
DOBACK028,20251004,estabilidad,3,null,null,null,0,12200,12200
DOBACK028,20251004,estabilidad,4,null,null,null,1299,12202,13631
DOBACK028,20251004,estabilidad,5,null,null,null,1569,13632,15358
DOBACK028,20251004,estabilidad,6,null,null,null,13567,15359,30283
DOBACK028,20251005,estabilidad,1,null,null,null,1457,1,1604
DOBACK028,20251005,estabilidad,2,null,null,null,4238,1605,6267
DOBACK028,20251005,estabilidad,3,null,null,null,4505,6268,11224
DOBACK028,20251005,estabilidad,4,null,null,null,1019,11225,12346
DOBACK028,20251005,estabilidad,5,null,null,null,22428,12347,37018
DOBACK028,20251005,estabilidad,6,null,null,null,8739,37019,46632
DOBACK028,20251005,estabilidad,7,null,null,null,39,46633,46676
DOBACK028,20251005,estabilidad,8,null,null,null,5861,46677,53125
DOBACK028,20251005,estabilidad,9,null,null,null,7,53126,53134
DOBACK028,20251005,estabilidad,10,null,null,null,8,53135,53144
DOBACK028,20251005,estabilidad,11,null,null,null,7,53145,53153
DOBACK028,20251005,estabilidad,12,null,null,null,5719,53154,59445
DOBACK028,20251005,estabilidad,13,null,null,null,78,59446,59532
DOBACK028,20251005,estabilidad,14,null,null,null,227,59533,59783
DOBACK028,20251005,estabilidad,15,null,null,null,17,59784,59803
DOBACK028,20251006,estabilidad,2,null,null,null,10877,1,11966
DOBACK028,20251006,estabilidad,3,null,null,null,18,11967,11987
DOBACK028,20251006,estabilidad,4,null,null,null,588,11988,12635
DOBACK028,20251006,estabilidad,5,null,null,null,8,12636,12645
DOBACK028,20251006,estabilidad,6,null,null,null,3,12646,12650
DOBACK028,20251006,estabilidad,7,null,null,null,12,12651,12665
DOBACK028,20251006,estabilidad,8,null,null,null,78,12666,12752
DOBACK028,20251006,estabilidad,9,null,null,null,27,12753,12783
DOBACK028,20251006,estabilidad,10,null,null,null,327,12784,13144
DOBACK028,20251006,estabilidad,11,null,null,null,27,13145,13175
DOBACK028,20251006,estabilidad,12,null,null,null,287,13176,13492
DOBACK028,20251006,estabilidad,13,null,null,null,193,13493,13706
DOBACK028,20251006,estabilidad,14,null,null,null,9,13707,13717
DOBACK028,20251006,estabilidad,15,null,null,null,9,13718,13728
DOBACK028,20251006,estabilidad,16,null,null,null,57,13729,13792
DOBACK028,20251006,estabilidad,17,null,null,null,238,13793,14055
DOBACK028,20251006,estabilidad,18,null,null,null,47,14056,14108
DOBACK028,20251006,estabilidad,19,null,null,null,69,14109,14185
DOBACK028,20251006,estabilidad,20,null,null,null,37,14186,14227
DOBACK028,20251006,estabilidad,21,null,null,null,0,14228,14228
DOBACK028,20251006,estabilidad,22,null,null,null,949,14230,15274
DOBACK028,20251006,estabilidad,23,null,null,null,7,15275,15283
DOBACK028,20251006,estabilidad,24,null,null,null,17,15284,15303
DOBACK028,20251006,estabilidad,25,null,null,null,98,15304,15412
DOBACK028,20251006,estabilidad,26,null,null,null,28,15413,15444
DOBACK028,20251006,estabilidad,27,null,null,null,254,15445,15725
DOBACK028,20251006,estabilidad,28,null,null,null,17,15726,15745
DOBACK028,20251006,estabilidad,29,null,null,null,7,15746,15754
DOBACK028,20251006,estabilidad,30,null,null,null,29,15755,15787
DOBACK028,20251006,estabilidad,31,null,null,null,388,15788,16215
DOBACK028,20251006,estabilidad,32,null,null,null,17,16216,16235
DOBACK028,20251006,estabilidad,33,null,null,null,7,16236,16244
DOBACK028,20251006,estabilidad,34,null,null,null,16,16245,16263
DOBACK028,20251006,estabilidad,35,null,null,null,2528,16264,19045
DOBACK028,20251006,estabilidad,36,null,null,null,27,19046,19076
DOBACK028,20251006,estabilidad,37,null,null,null,47,19077,19129
DOBACK028,20251006,estabilidad,38,null,null,null,8,19130,19139
DOBACK028,20251006,estabilidad,39,null,null,null,7,19140,19148
DOBACK028,20251006,estabilidad,40,null,null,null,327,19149,19509
DOBACK028,20251006,estabilidad,41,null,null,null,8,19510,19519
DOBACK028,20251006,estabilidad,42,null,null,null,47,19520,19572
DOBACK028,20251006,estabilidad,43,null,null,null,27,19573,19603
DOBACK028,20251006,estabilidad,44,null,null,null,58,19604,19668
DOBACK028,20251006,estabilidad,45,null,null,null,1243,19669,21037
DOBACK028,20251006,estabilidad,46,null,null,null,6648,21038,28351
DOBACK028,20251006,estabilidad,47,null,null,null,4554,28352,33362
DOBACK028,20251006,estabilidad,48,null,null,null,36827,33363,73873
DOBACK028,20251006,estabilidad,49,null,null,null,208,73874,74103
DOBACK028,20251006,estabilidad,50,null,null,null,54,74104,74164
DOBACK028,20251006,estabilidad,51,null,null,null,768,74165,75010
DOBACK028,20251006,estabilidad,52,null,null,null,9850,75011,85846
DOBACK028,20251006,estabilidad,53,null,null,null,28,85848,85879
DOBACK028,20251007,estabilidad,1,null,null,null,547,1,603
DOBACK028,20251007,estabilidad,2,null,null,null,5400,604,6544
DOBACK028,20251007,estabilidad,3,null,null,null,1252,6546,7924
DOBACK028,20251007,estabilidad,4,null,null,null,5758,7925,14259
DOBACK028,20251007,estabilidad,5,null,null,null,3927,14260,18580
DOBACK028,20251007,estabilidad,6,null,null,null,4617,18581,23660
DOBACK028,20251007,estabilidad,7,null,null,null,1878,23661,25727
DOBACK028,20251007,estabilidad,8,null,null,null,298,25728,26056
DOBACK028,20251007,estabilidad,9,null,null,null,998,26057,27155
DOBACK028,20251007,estabilidad,10,null,null,null,739,27156,27969
DOBACK028,20251007,estabilidad,11,null,null,null,139,27970,28123
DOBACK028,20251007,estabilidad,12,null,null,null,8297,28124,37251
DOBACK028,20251007,estabilidad,13,null,null,null,10567,37252,48876
DOBACK028,20251007,estabilidad,14,null,null,null,19708,48877,70556
DOBACK028,20251007,estabilidad,15,null,null,null,3728,70557,74658
DOBACK028,20251007,estabilidad,16,null,null,null,3697,74659,78726
DOBACK028,20251007,estabilidad,17,null,null,null,11677,78727,91572
DOBACK028,20251007,estabilidad,18,null,null,null,5708,91573,97852
DOBACK028,20251007,estabilidad,19,null,null,null,9128,97853,107894
DOBACK028,20251008,estabilidad,1,null,null,null,13479,1,14828
DOBACK028,20251008,estabilidad,2,null,null,null,54759,14829,75064
DOBACK028,20251008,estabilidad,3,null,null,null,8089,75065,83963
DOBACK028,20251008,estabilidad,4,null,null,null,5718,83964,90254
DOBACK028,20251008,estabilidad,5,null,null,null,1797,90255,92232
DOBACK028,20251008,estabilidad,6,null,null,null,21507,92233,115891
DOBACK028,20251008,estabilidad,7,null,null,null,817,115892,116791
DOBACK028,20251008,estabilidad,8,null,null,null,7409,116792,124942
DOBACK028,20251008,estabilidad,9,null,null,null,4508,124943,129902
DOBACK028,20251008,estabilidad,10,null,null,null,0,129903,129903
DOBACK028,20251008,estabilidad,11,null,null,null,6738,129905,137317
DOBACK028,20251008,estabilidad,12,null,null,null,30659,137318,171043
DOBACK028,20251008,estabilidad,13,null,null,null,7608,171044,179413
DOBACK028,20251008,estabilidad,14,null,null,null,1079,179414,180601
DOBACK028,20251008,estabilidad,15,null,null,null,1927,180602,182722
DOBACK028,20251008,estabilidad,16,null,null,null,15917,182723,200232
DOBACK028,20250930,GPS,1,2025-09-30T17:28:15.000Z,2025-09-30T17:28:15.000Z,null,242,1,244
DOBACK028,20251001,GPS,1,2025-09-30T23:46:08.000Z,2025-09-30T23:46:08.000Z,null,1,1,3
DOBACK028,20251001,GPS,2,2025-09-30T23:48:41.000Z,2025-09-30T23:48:41.000Z,null,75,4,90
DOBACK028,20251001,GPS,3,2025-09-30T23:57:09.000Z,2025-09-30T23:57:09.000Z,null,0,394,394
DOBACK028,20251001,GPS,4,2025-10-01T08:14:53.000Z,2025-10-01T08:14:53.000Z,null,1,3320,3322
DOBACK028,20251001,GPS,5,2025-10-01T08:17:26.000Z,2025-10-01T08:17:26.000Z,null,2,3323,3334
DOBACK028,20251001,GPS,6,2025-10-01T12:08:29.000Z,2025-10-01T12:08:29.000Z,null,2,4570,4573
DOBACK028,20251001,GPS,7,2025-10-01T12:11:02.000Z,2025-10-01T12:11:02.000Z,null,84,4574,4659
DOBACK028,20251001,GPS,8,2025-10-01T12:13:45.000Z,2025-10-01T12:13:45.000Z,null,9,4660,4685
DOBACK028,20251001,GPS,9,2025-10-01T12:36:59.000Z,2025-10-01T12:36:59.000Z,null,0,5809,5809
DOBACK028,20251001,GPS,10,2025-10-01T12:46:26.000Z,2025-10-01T12:46:26.000Z,null,0,6235,6235
DOBACK028,20251001,GPS,11,2025-10-01T20:46:14.000Z,2025-10-01T20:46:14.000Z,null,2,6270,6273
DOBACK028,20251001,GPS,12,2025-10-01T20:48:48.000Z,2025-10-01T20:48:48.000Z,null,105,6274,6380
DOBACK028,20251001,GPS,13,2025-10-01T20:52:03.000Z,2025-10-01T20:52:03.000Z,null,0,6381,6381
DOBACK028,20251001,GPS,14,2025-10-01T21:32:17.000Z,2025-10-01T21:32:17.000Z,null,0,8216,8216
DOBACK028,20251002,GPS,1,2025-10-02T08:41:26.000Z,2025-10-02T08:41:26.000Z,null,5,1,7
DOBACK028,20251002,GPS,2,2025-10-02T08:44:02.000Z,2025-10-02T08:44:02.000Z,null,76,8,85
DOBACK028,20251003,GPS,1,2025-10-03T07:17:21.000Z,2025-10-03T07:17:21.000Z,null,11,1,13
DOBACK028,20251003,GPS,2,2025-10-03T07:18:38.000Z,2025-10-03T07:18:38.000Z,null,51,14,66
DOBACK028,20251003,GPS,3,2025-10-03T07:28:14.000Z,2025-10-03T07:28:14.000Z,null,88,252,341
DOBACK028,20251003,GPS,4,2025-10-03T07:31:22.000Z,2025-10-03T07:31:22.000Z,null,568,342,911
DOBACK028,20251003,GPS,5,2025-10-03T07:43:13.000Z,2025-10-03T07:43:13.000Z,null,159,912,1072
DOBACK028,20251003,GPS,6,2025-10-03T07:49:14.000Z,2025-10-03T07:49:14.000Z,null,13,1073,1087
DOBACK028,20251003,GPS,7,2025-10-03T07:54:06.000Z,2025-10-03T07:54:06.000Z,null,351,1088,1453
DOBACK028,20251003,GPS,8,2025-10-03T08:04:18.000Z,2025-10-03T08:04:18.000Z,null,0,1556,1556
DOBACK028,20251003,GPS,9,2025-10-03T08:26:44.000Z,2025-10-03T08:26:44.000Z,null,2,1564,1567
DOBACK028,20251003,GPS,10,2025-10-03T08:29:17.000Z,2025-10-03T08:29:17.000Z,null,119,1568,1738
DOBACK028,20251003,GPS,11,2025-10-03T08:39:18.000Z,2025-10-03T08:39:18.000Z,null,116,1780,1991
DOBACK028,20251003,GPS,12,2025-10-03T10:41:11.000Z,2025-10-03T10:41:11.000Z,null,226,1992,2219
DOBACK028,20251004,GPS,1,2025-10-04T07:32:50.000Z,2025-10-04T07:32:50.000Z,null,201,1,203
DOBACK028,20251004,GPS,2,2025-10-04T08:14:05.000Z,2025-10-04T08:14:05.000Z,null,191,610,805
DOBACK028,20251004,GPS,3,2025-10-04T12:08:40.000Z,2025-10-04T12:08:40.000Z,null,2,1010,1013
DOBACK028,20251004,GPS,4,2025-10-04T12:11:14.000Z,2025-10-04T12:11:14.000Z,null,103,1014,1118
DOBACK028,20251004,GPS,5,2025-10-04T12:14:39.000Z,2025-10-04T12:14:39.000Z,null,0,1138,1138
DOBACK028,20251004,GPS,6,2025-10-04T12:18:28.000Z,2025-10-04T12:18:28.000Z,null,0,1284,1284
DOBACK028,20251005,GPS,1,2025-10-05T02:15:19.000Z,2025-10-05T02:15:19.000Z,null,2,1,4
DOBACK028,20251005,GPS,2,2025-10-05T02:17:51.000Z,2025-10-05T02:17:51.000Z,null,137,5,143
DOBACK028,20251005,GPS,3,2025-10-05T06:05:41.000Z,2025-10-05T06:05:41.000Z,null,2,144,147
DOBACK028,20251005,GPS,4,2025-10-05T06:08:13.000Z,2025-10-05T06:08:13.000Z,null,157,148,390
DOBACK028,20251005,GPS,5,2025-10-05T06:16:31.000Z,2025-10-05T06:16:31.000Z,null,18,529,757
DOBACK028,20251005,GPS,6,2025-10-05T06:27:51.000Z,2025-10-05T06:27:51.000Z,null,0,945,945
DOBACK028,20251005,GPS,7,2025-10-05T06:34:09.000Z,2025-10-05T06:34:09.000Z,null,1,1040,1042
DOBACK028,20251005,GPS,8,2025-10-05T07:03:13.000Z,2025-10-05T07:03:13.000Z,null,1,1043,1045
DOBACK028,20251005,GPS,9,2025-10-05T07:34:42.000Z,2025-10-05T07:34:42.000Z,null,2,1046,1049
DOBACK028,20251005,GPS,10,2025-10-05T07:37:17.000Z,2025-10-05T07:37:17.000Z,null,0,1050,1050
DOBACK028,20251005,GPS,11,2025-10-05T08:15:52.000Z,2025-10-05T08:15:52.000Z,null,4,3001,3731
DOBACK028,20251005,GPS,12,2025-10-05T19:38:12.000Z,2025-10-05T19:38:12.000Z,null,472,3759,4240
DOBACK028,20251005,GPS,13,2025-10-05T19:49:11.000Z,2025-10-05T19:49:11.000Z,null,0,4282,4282
DOBACK028,20251005,GPS,14,2025-10-05T19:50:30.000Z,2025-10-05T19:50:30.000Z,null,0,4294,4294
DOBACK028,20251005,GPS,15,2025-10-05T20:28:47.000Z,2025-10-05T20:28:47.000Z,null,11,4306,4318
DOBACK028,20251005,GPS,16,2025-10-05T20:30:22.000Z,2025-10-05T20:30:22.000Z,null,138,4319,4458
DOBACK028,20251005,GPS,17,2025-10-05T20:41:13.000Z,2025-10-05T20:41:13.000Z,null,0,4832,4832
DOBACK028,20251005,GPS,18,2025-10-05T20:42:25.000Z,2025-10-05T20:42:25.000Z,null,0,4839,4839
DOBACK028,20251005,GPS,19,2025-10-05T20:44:56.000Z,2025-10-05T20:44:56.000Z,null,0,4841,4841
DOBACK028,20251005,GPS,20,2025-10-05T20:46:25.000Z,2025-10-05T20:46:25.000Z,null,0,4862,4862
DOBACK028,20251005,GPS,21,2025-10-05T20:48:12.000Z,2025-10-05T20:48:12.000Z,null,0,4895,4895
DOBACK028,20251006,GPS,1,2025-10-06T03:36:57.000Z,2025-10-06T03:36:57.000Z,null,3,1,5
DOBACK028,20251006,GPS,2,2025-10-06T03:39:32.000Z,2025-10-06T03:39:32.000Z,null,155,6,162
DOBACK028,20251006,GPS,3,2025-10-06T03:59:02.000Z,2025-10-06T03:59:02.000Z,null,0,975,975
DOBACK028,20251006,GPS,4,2025-10-06T04:00:17.000Z,2025-10-06T04:00:17.000Z,null,0,987,987
DOBACK028,20251006,GPS,5,2025-10-06T04:02:39.000Z,2025-10-06T04:02:39.000Z,null,0,1050,1050
DOBACK028,20251006,GPS,6,2025-10-06T04:03:49.000Z,2025-10-06T04:03:49.000Z,null,0,1057,1057
DOBACK028,20251006,GPS,7,2025-10-06T04:05:04.000Z,2025-10-06T04:05:04.000Z,null,0,1070,1070
DOBACK028,20251006,GPS,8,2025-10-06T04:06:22.000Z,2025-10-06T04:06:22.000Z,null,0,1079,1079
DOBACK028,20251006,GPS,9,2025-10-06T04:07:48.000Z,2025-10-06T04:07:48.000Z,null,0,1087,1087
DOBACK028,20251006,GPS,10,2025-10-06T04:09:10.000Z,2025-10-06T04:09:10.000Z,null,0,1105,1105
DOBACK028,20251006,GPS,11,2025-10-06T04:10:32.000Z,2025-10-06T04:10:32.000Z,null,0,1117,1117
DOBACK028,20251006,GPS,12,2025-10-06T04:12:23.000Z,2025-10-06T04:12:23.000Z,null,0,1156,1156
DOBACK028,20251006,GPS,13,2025-10-06T04:13:52.000Z,2025-10-06T04:13:52.000Z,null,0,1170,1170
DOBACK028,20251006,GPS,14,2025-10-06T04:15:37.000Z,2025-10-06T04:15:37.000Z,null,0,1203,1203
DOBACK028,20251006,GPS,15,2025-10-06T04:17:14.000Z,2025-10-06T04:17:14.000Z,null,0,1229,1229
DOBACK028,20251006,GPS,16,2025-10-06T04:18:30.000Z,2025-10-06T04:18:30.000Z,null,0,1240,1240
DOBACK028,20251006,GPS,17,2025-10-06T04:19:48.000Z,2025-10-06T04:19:48.000Z,null,0,1252,1252
DOBACK028,20251006,GPS,18,2025-10-06T04:21:12.000Z,2025-10-06T04:21:12.000Z,null,0,1268,1268
DOBACK028,20251006,GPS,19,2025-10-06T04:22:50.000Z,2025-10-06T04:22:50.000Z,null,0,1296,1296
DOBACK028,20251006,GPS,20,2025-10-06T04:24:13.000Z,2025-10-06T04:24:13.000Z,null,0,1312,1312
DOBACK028,20251006,GPS,21,2025-10-06T04:25:40.000Z,2025-10-06T04:25:40.000Z,null,0,1329,1329
DOBACK028,20251006,GPS,22,2025-10-06T04:27:08.000Z,2025-10-06T04:27:08.000Z,null,0,1345,1345
DOBACK028,20251006,GPS,23,2025-10-06T04:28:26.000Z,2025-10-06T04:28:26.000Z,null,0,1357,1357
DOBACK028,20251006,GPS,24,2025-10-06T04:29:43.000Z,2025-10-06T04:29:43.000Z,null,0,1366,1366
DOBACK028,20251006,GPS,25,2025-10-06T04:32:33.000Z,2025-10-06T04:32:33.000Z,null,0,1453,1453
DOBACK028,20251006,GPS,26,2025-10-06T04:33:56.000Z,2025-10-06T04:33:56.000Z,null,0,1465,1465
DOBACK028,20251006,GPS,27,2025-10-06T04:35:12.000Z,2025-10-06T04:35:12.000Z,null,0,1475,1475
DOBACK028,20251006,GPS,28,2025-10-06T04:36:29.000Z,2025-10-06T04:36:29.000Z,null,0,1487,1487
DOBACK028,20251006,GPS,29,2025-10-06T04:37:55.000Z,2025-10-06T04:37:55.000Z,null,0,1506,1506
DOBACK028,20251006,GPS,30,2025-10-06T04:39:12.000Z,2025-10-06T04:39:12.000Z,null,0,1520,1520
DOBACK028,20251006,GPS,31,2025-10-06T04:41:01.000Z,2025-10-06T04:41:01.000Z,null,0,1549,1549
DOBACK028,20251006,GPS,32,2025-10-06T04:42:20.000Z,2025-10-06T04:42:20.000Z,null,0,1561,1561
DOBACK028,20251006,GPS,33,2025-10-06T04:43:36.000Z,2025-10-06T04:43:36.000Z,null,0,1574,1574
DOBACK028,20251006,GPS,34,2025-10-06T04:45:05.000Z,2025-10-06T04:45:05.000Z,null,0,1589,1589
DOBACK028,20251006,GPS,35,2025-10-06T04:47:01.000Z,2025-10-06T04:47:01.000Z,null,0,1634,1634
DOBACK028,20251006,GPS,36,2025-10-06T04:48:19.000Z,2025-10-06T04:48:19.000Z,null,0,1647,1647
DOBACK028,20251006,GPS,37,2025-10-06T04:49:36.000Z,2025-10-06T04:49:36.000Z,null,0,1657,1657
DOBACK028,20251006,GPS,38,2025-10-06T04:50:54.000Z,2025-10-06T04:50:54.000Z,null,0,1668,1668
DOBACK028,20251006,GPS,39,2025-10-06T04:52:12.000Z,2025-10-06T04:52:12.000Z,null,0,1680,1680
DOBACK028,20251006,GPS,40,2025-10-06T04:57:39.000Z,2025-10-06T04:57:39.000Z,null,0,1907,1907
DOBACK028,20251006,GPS,41,2025-10-06T04:59:03.000Z,2025-10-06T04:59:03.000Z,null,0,1922,1922
DOBACK028,20251006,GPS,42,2025-10-06T05:00:25.000Z,2025-10-06T05:00:25.000Z,null,0,1938,1938
DOBACK028,20251006,GPS,43,2025-10-06T05:01:45.000Z,2025-10-06T05:01:45.000Z,null,0,1949,1949
DOBACK028,20251006,GPS,44,2025-10-06T05:03:00.000Z,2025-10-06T05:03:00.000Z,null,0,1961,1961
DOBACK028,20251006,GPS,45,2025-10-06T05:04:46.000Z,2025-10-06T05:04:46.000Z,null,0,2000,2000
DOBACK028,20251006,GPS,46,2025-10-06T05:06:02.000Z,2025-10-06T05:06:02.000Z,null,0,2012,2012
DOBACK028,20251006,GPS,47,2025-10-06T05:07:21.000Z,2025-10-06T05:07:21.000Z,null,0,2025,2025
DOBACK028,20251006,GPS,48,2025-10-06T05:08:40.000Z,2025-10-06T05:08:40.000Z,null,0,2039,2039
DOBACK028,20251006,GPS,49,2025-10-06T05:09:58.000Z,2025-10-06T05:09:58.000Z,null,0,2052,2052
DOBACK028,20251006,GPS,50,2025-10-06T05:11:25.000Z,2025-10-06T05:11:25.000Z,null,0,2069,2069
DOBACK028,20251006,GPS,51,2025-10-06T05:14:42.000Z,2025-10-06T05:14:42.000Z,null,0,2189,2189
DOBACK028,20251006,GPS,52,2025-10-06T05:27:03.000Z,2025-10-06T05:27:03.000Z,null,0,2767,2767
DOBACK028,20251006,GPS,53,2025-10-06T08:25:09.000Z,2025-10-06T08:25:09.000Z,null,2,3176,3179
DOBACK028,20251006,GPS,54,2025-10-06T08:27:41.000Z,2025-10-06T08:27:41.000Z,null,0,3180,3180
DOBACK028,20251006,GPS,55,2025-10-06T09:32:40.000Z,2025-10-06T09:32:40.000Z,null,0,6546,6546
DOBACK028,20251006,GPS,56,2025-10-06T09:34:23.000Z,2025-10-06T09:34:23.000Z,null,0,6575,6575
DOBACK028,20251006,GPS,57,2025-10-06T09:35:37.000Z,2025-10-06T09:35:37.000Z,null,0,6582,6582
DOBACK028,20251006,GPS,58,2025-10-06T15:01:00.000Z,2025-10-06T15:01:00.000Z,null,3,6600,6604
DOBACK028,20251006,GPS,59,2025-10-06T15:03:34.000Z,2025-10-06T15:03:34.000Z,null,1,6605,6660
DOBACK028,20251006,GPS,60,2025-10-06T15:06:07.000Z,2025-10-06T15:06:07.000Z,null,0,6682,6682
DOBACK028,20251006,GPS,61,2025-10-06T15:07:16.000Z,2025-10-06T15:07:16.000Z,null,0,6687,6687
DOBACK028,20251006,GPS,62,2025-10-06T15:24:55.000Z,2025-10-06T15:24:55.000Z,null,0,7541,7541
DOBACK028,20251007,GPS,1,2025-10-07T06:59:14.000Z,2025-10-07T06:59:14.000Z,null,3,1,5
DOBACK028,20251007,GPS,2,2025-10-07T07:01:49.000Z,2025-10-07T07:01:49.000Z,null,51,6,58
DOBACK028,20251007,GPS,3,2025-10-07T07:03:58.000Z,2025-10-07T07:03:58.000Z,null,206,59,266
DOBACK028,20251007,GPS,4,2025-10-07T07:14:12.000Z,2025-10-07T07:14:12.000Z,null,0,535,535
DOBACK028,20251007,GPS,5,2025-10-07T07:17:32.000Z,2025-10-07T07:17:32.000Z,null,0,663,663
DOBACK028,20251007,GPS,6,2025-10-07T07:20:05.000Z,2025-10-07T07:20:05.000Z,null,0,666,666
DOBACK028,20251007,GPS,7,2025-10-07T07:21:17.000Z,2025-10-07T07:21:17.000Z,null,0,678,678
DOBACK028,20251007,GPS,8,2025-10-07T07:23:52.000Z,2025-10-07T07:23:52.000Z,null,0,683,683
DOBACK028,20251007,GPS,9,2025-10-07T07:34:42.000Z,2025-10-07T07:34:42.000Z,null,0,1190,1190
DOBACK028,20251007,GPS,10,2025-10-07T07:42:30.000Z,2025-10-07T07:42:30.000Z,null,0,1558,1558
DOBACK028,20251007,GPS,11,2025-10-07T07:51:26.000Z,2025-10-07T07:51:26.000Z,null,0,1961,1961
DOBACK028,20251007,GPS,12,2025-10-07T07:58:59.000Z,2025-10-07T07:58:59.000Z,null,0,2136,2136
DOBACK028,20251007,GPS,13,2025-10-07T08:00:46.000Z,2025-10-07T08:00:46.000Z,null,0,2174,2174
DOBACK028,20251007,GPS,14,2025-10-07T08:07:53.000Z,2025-10-07T08:07:53.000Z,null,0,2268,2268
DOBACK028,20251007,GPS,15,2025-10-07T08:22:55.000Z,2025-10-07T08:22:55.000Z,null,12,2339,2352
DOBACK028,20251007,GPS,16,2025-10-07T09:05:33.000Z,2025-10-07T09:05:33.000Z,null,1,2353,2355
DOBACK028,20251007,GPS,17,2025-10-07T09:08:05.000Z,2025-10-07T09:08:05.000Z,null,57,2356,2419
DOBACK028,20251007,GPS,18,2025-10-07T10:24:41.000Z,2025-10-07T10:24:41.000Z,null,2,3096,3099
DOBACK028,20251007,GPS,19,2025-10-07T10:27:13.000Z,2025-10-07T10:27:13.000Z,null,490,3100,3749
DOBACK028,20251007,GPS,20,2025-10-07T11:34:34.000Z,2025-10-07T11:34:34.000Z,null,1,4031,4033
DOBACK028,20251007,GPS,21,2025-10-07T11:37:06.000Z,2025-10-07T11:37:06.000Z,null,67,4034,4102
DOBACK028,20251007,GPS,22,2025-10-07T12:11:09.000Z,2025-10-07T12:11:09.000Z,null,0,5693,5693
DOBACK028,20251007,GPS,23,2025-10-07T12:18:36.000Z,2025-10-07T12:18:36.000Z,null,0,6006,6006
DOBACK028,20251007,GPS,24,2025-10-07T14:37:07.000Z,2025-10-07T14:37:07.000Z,null,0,6330,6330
DOBACK028,20251007,GPS,25,2025-10-07T14:39:39.000Z,2025-10-07T14:39:39.000Z,null,0,6332,6332
DOBACK028,20251007,GPS,26,2025-10-07T15:00:20.000Z,2025-10-07T15:00:20.000Z,null,0,7320,7320
DOBACK028,20251007,GPS,27,2025-10-07T15:11:05.000Z,2025-10-07T15:11:05.000Z,null,0,7794,7794
DOBACK028,20251008,GPS,1,2025-10-07T22:32:47.000Z,2025-10-07T22:32:47.000Z,null,267,1,459
DOBACK028,20251008,GPS,2,2025-10-08T02:02:39.000Z,2025-10-08T02:02:39.000Z,null,290,1617,1908
DOBACK028,20250930,ROTATIVO,1,2025-09-30T07:32:50.000Z,2025-09-30T07:54:36.000Z,1306,88,1,90
DOBACK028,20250930,ROTATIVO,2,2025-09-30T07:56:01.000Z,2025-09-30T07:57:01.000Z,60,5,91,97
DOBACK028,20250930,ROTATIVO,3,2025-09-30T08:15:26.000Z,2025-09-30T08:15:26.000Z,null,1,98,100
DOBACK028,20250930,ROTATIVO,4,2025-09-30T08:54:10.000Z,2025-09-30T09:14:41.000Z,1231,83,101,185
DOBACK028,20250930,ROTATIVO,5,2025-09-30T09:14:50.000Z,2025-09-30T10:25:07.000Z,4217,274,186,461
DOBACK028,20250930,ROTATIVO,6,2025-09-30T10:53:04.000Z,2025-09-30T10:53:49.000Z,45,4,462,467
DOBACK028,20250930,ROTATIVO,7,2025-09-30T11:21:35.000Z,2025-09-30T11:37:36.000Z,961,65,468,534
DOBACK028,20250930,ROTATIVO,8,2025-09-30T11:46:52.000Z,2025-09-30T11:57:52.000Z,660,45,535,581
DOBACK028,20250930,ROTATIVO,9,2025-09-30T12:00:21.000Z,2025-09-30T12:01:06.000Z,45,4,582,587
DOBACK028,20250930,ROTATIVO,10,2025-09-30T14:26:12.000Z,2025-09-30T14:30:12.000Z,240,17,588,606
DOBACK028,20250930,ROTATIVO,11,2025-09-30T17:28:15.000Z,2025-09-30T17:32:45.000Z,270,19,607,627
DOBACK028,20251001,ROTATIVO,1,2025-09-30T23:46:08.000Z,2025-09-30T23:46:08.000Z,null,1,1,3
DOBACK028,20251001,ROTATIVO,2,2025-09-30T23:48:41.000Z,2025-09-30T23:55:56.000Z,435,30,4,35
DOBACK028,20251001,ROTATIVO,3,2025-09-30T23:57:09.000Z,2025-10-01T00:52:26.000Z,3317,222,36,259
DOBACK028,20251001,ROTATIVO,4,2025-10-01T08:14:53.000Z,2025-10-01T08:14:53.000Z,null,1,260,262
DOBACK028,20251001,ROTATIVO,5,2025-10-01T08:17:26.000Z,2025-10-01T08:41:12.000Z,1426,96,263,360
DOBACK028,20251001,ROTATIVO,6,2025-10-01T12:08:29.000Z,2025-10-01T12:08:29.000Z,null,1,361,363
DOBACK028,20251001,ROTATIVO,7,2025-10-01T12:11:02.000Z,2025-10-01T12:12:31.000Z,89,7,364,372
DOBACK028,20251001,ROTATIVO,8,2025-10-01T12:13:45.000Z,2025-10-01T12:35:46.000Z,1321,89,373,463
DOBACK028,20251001,ROTATIVO,9,2025-10-01T12:36:59.000Z,2025-10-01T12:45:14.000Z,495,34,464,499
DOBACK028,20251001,ROTATIVO,10,2025-10-01T12:46:26.000Z,2025-10-01T12:46:56.000Z,30,3,500,504
DOBACK028,20251001,ROTATIVO,11,2025-10-01T20:46:14.000Z,2025-10-01T20:46:14.000Z,null,1,505,507
DOBACK028,20251001,ROTATIVO,12,2025-10-01T20:48:48.000Z,2025-10-01T20:50:33.000Z,105,8,508,517
DOBACK028,20251001,ROTATIVO,13,2025-10-01T20:52:01.000Z,2025-10-01T21:27:32.000Z,2131,143,518,662
DOBACK028,20251001,ROTATIVO,14,2025-10-01T21:32:17.000Z,2025-10-01T21:40:33.000Z,496,34,663,698
DOBACK028,20251002,ROTATIVO,1,2025-10-02T07:06:42.000Z,2025-10-02T07:06:42.000Z,null,1,1,3
DOBACK028,20251002,ROTATIVO,2,2025-10-02T08:41:26.000Z,2025-10-02T08:41:26.000Z,null,1,4,6
DOBACK028,20251002,ROTATIVO,3,2025-10-02T08:44:02.000Z,2025-10-02T09:29:34.000Z,2732,183,7,191
DOBACK028,20251002,ROTATIVO,4,2025-10-02T11:00:31.000Z,2025-10-02T11:00:31.000Z,null,1,192,194
DOBACK028,20251002,ROTATIVO,5,2025-10-02T11:02:33.000Z,2025-10-02T11:02:33.000Z,null,1,195,197
DOBACK028,20251002,ROTATIVO,6,2025-10-02T11:05:06.000Z,2025-10-02T11:48:23.000Z,2597,174,198,373
DOBACK028,20251002,ROTATIVO,7,2025-10-02T11:50:02.000Z,2025-10-02T11:55:46.000Z,344,20,374,395
DOBACK028,20251002,ROTATIVO,8,2025-10-02T11:56:05.000Z,2025-10-02T11:56:20.000Z,15,2,396,399
DOBACK028,20251003,ROTATIVO,1,2025-10-03T07:07:14.000Z,2025-10-03T07:07:14.000Z,null,1,1,3
DOBACK028,20251003,ROTATIVO,2,2025-10-03T07:14:48.000Z,2025-10-03T07:14:48.000Z,null,1,4,6
DOBACK028,20251003,ROTATIVO,3,2025-10-03T07:17:21.000Z,2025-10-03T07:17:21.000Z,null,1,7,9
DOBACK028,20251003,ROTATIVO,4,2025-10-03T07:18:38.000Z,2025-10-03T07:23:09.000Z,271,19,10,30
DOBACK028,20251003,ROTATIVO,5,2025-10-03T07:28:14.000Z,2025-10-03T07:29:44.000Z,90,7,31,39
DOBACK028,20251003,ROTATIVO,6,2025-10-03T07:31:22.000Z,2025-10-03T07:41:52.000Z,630,43,40,84
DOBACK028,20251003,ROTATIVO,7,2025-10-03T07:43:13.000Z,2025-10-03T07:46:13.000Z,180,13,85,99
DOBACK028,20251003,ROTATIVO,8,2025-10-03T07:49:13.000Z,2025-10-03T07:49:29.000Z,16,2,100,103
DOBACK028,20251003,ROTATIVO,9,2025-10-03T07:54:06.000Z,2025-10-03T08:02:54.000Z,528,36,104,141
DOBACK028,20251003,ROTATIVO,10,2025-10-03T08:04:18.000Z,2025-10-03T08:04:18.000Z,null,1,142,144
DOBACK028,20251003,ROTATIVO,11,2025-10-03T08:26:44.000Z,2025-10-03T08:26:44.000Z,null,1,145,147
DOBACK028,20251003,ROTATIVO,12,2025-10-03T08:29:17.000Z,2025-10-03T08:33:03.000Z,226,16,148,165
DOBACK028,20251003,ROTATIVO,13,2025-10-03T08:39:18.000Z,2025-10-03T08:43:03.000Z,225,16,166,183
DOBACK028,20251003,ROTATIVO,14,2025-10-03T10:41:10.000Z,2025-10-03T11:08:57.000Z,1667,112,184,297
DOBACK028,20251003,ROTATIVO,15,2025-10-03T11:09:07.000Z,2025-10-03T11:09:07.000Z,null,1,298,300
DOBACK028,20251003,ROTATIVO,16,2025-10-03T17:07:00.000Z,2025-10-03T17:07:00.000Z,null,1,301,303
DOBACK028,20251003,ROTATIVO,17,2025-10-03T17:09:32.000Z,2025-10-03T17:17:02.000Z,450,31,304,336
DOBACK028,20251003,ROTATIVO,18,2025-10-03T19:00:36.000Z,2025-10-03T19:08:52.000Z,496,34,337,372
DOBACK028,20251004,ROTATIVO,1,2025-10-04T07:32:50.000Z,2025-10-04T07:44:05.000Z,675,46,1,48
DOBACK028,20251004,ROTATIVO,2,2025-10-04T08:09:41.000Z,2025-10-04T08:09:41.000Z,null,1,49,51
DOBACK028,20251004,ROTATIVO,3,2025-10-04T08:14:05.000Z,2025-10-04T08:21:21.000Z,436,30,52,83
DOBACK028,20251004,ROTATIVO,4,2025-10-04T12:08:40.000Z,2025-10-04T12:08:40.000Z,null,1,84,86
DOBACK028,20251004,ROTATIVO,5,2025-10-04T12:11:14.000Z,2025-10-04T12:13:29.000Z,135,10,87,98
DOBACK028,20251004,ROTATIVO,6,2025-10-04T12:14:39.000Z,2025-10-04T12:17:24.000Z,165,12,99,112
DOBACK028,20251004,ROTATIVO,7,2025-10-04T12:18:28.000Z,2025-10-04T12:41:14.000Z,1366,92,113,206
DOBACK028,20251004,ROTATIVO,8,2025-10-04T12:49:19.000Z,2025-10-04T12:49:19.000Z,null,1,207,209
DOBACK028,20251005,ROTATIVO,1,2025-10-05T02:15:19.000Z,2025-10-05T02:15:19.000Z,null,1,1,3
DOBACK028,20251005,ROTATIVO,2,2025-10-05T02:17:51.000Z,2025-10-05T02:20:22.000Z,151,11,4,16
DOBACK028,20251005,ROTATIVO,3,2025-10-05T06:05:40.000Z,2025-10-05T06:05:40.000Z,null,1,17,19
DOBACK028,20251005,ROTATIVO,4,2025-10-05T06:08:13.000Z,2025-10-05T06:15:14.000Z,421,29,20,50
DOBACK028,20251005,ROTATIVO,5,2025-10-05T06:16:31.000Z,2025-10-05T06:24:01.000Z,450,31,51,83
DOBACK028,20251005,ROTATIVO,6,2025-10-05T06:27:51.000Z,2025-10-05T06:29:36.000Z,105,8,84,93
DOBACK028,20251005,ROTATIVO,7,2025-10-05T06:30:41.000Z,2025-10-05T06:30:41.000Z,null,1,94,96
DOBACK028,20251005,ROTATIVO,8,2025-10-05T06:34:08.000Z,2025-10-05T06:34:09.000Z,1,1,97,99
DOBACK028,20251005,ROTATIVO,9,2025-10-05T07:03:13.000Z,2025-10-05T07:03:13.000Z,null,1,100,102
DOBACK028,20251005,ROTATIVO,10,2025-10-05T07:34:42.000Z,2025-10-05T07:34:42.000Z,null,1,103,105
DOBACK028,20251005,ROTATIVO,11,2025-10-05T07:37:17.000Z,2025-10-05T08:14:49.000Z,2252,151,106,258
DOBACK028,20251005,ROTATIVO,12,2025-10-05T08:15:52.000Z,2025-10-05T08:31:08.000Z,916,62,259,322
DOBACK028,20251005,ROTATIVO,13,2025-10-05T19:38:12.000Z,2025-10-05T19:47:58.000Z,586,40,323,364
DOBACK028,20251005,ROTATIVO,14,2025-10-05T19:49:11.000Z,2025-10-05T19:49:11.000Z,null,1,365,367
DOBACK028,20251005,ROTATIVO,15,2025-10-05T19:50:30.000Z,2025-10-05T19:50:30.000Z,null,1,368,370
DOBACK028,20251005,ROTATIVO,16,2025-10-05T19:51:43.000Z,2025-10-05T19:51:44.000Z,1,1,371,373
DOBACK028,20251005,ROTATIVO,17,2025-10-05T20:28:47.000Z,2025-10-05T20:28:47.000Z,null,1,374,376
DOBACK028,20251005,ROTATIVO,18,2025-10-05T20:30:22.000Z,2025-10-05T20:39:53.000Z,571,39,377,417
DOBACK028,20251005,ROTATIVO,19,2025-10-05T20:41:12.000Z,2025-10-05T20:41:12.000Z,null,1,418,420
DOBACK028,20251005,ROTATIVO,20,2025-10-05T20:42:24.000Z,2025-10-05T20:42:24.000Z,null,1,421,423
DOBACK028,20251005,ROTATIVO,21,2025-10-05T20:44:56.000Z,2025-10-05T20:45:11.000Z,15,2,424,427
DOBACK028,20251005,ROTATIVO,22,2025-10-05T20:46:25.000Z,2025-10-05T20:46:55.000Z,30,3,428,432
DOBACK028,20251005,ROTATIVO,23,2025-10-05T20:48:12.000Z,2025-10-05T20:48:27.000Z,15,2,433,436
DOBACK028,20251006,ROTATIVO,1,2025-10-06T03:36:57.000Z,2025-10-06T03:36:57.000Z,null,1,1,3
DOBACK028,20251006,ROTATIVO,2,2025-10-06T03:39:32.000Z,2025-10-06T03:57:48.000Z,1096,74,4,79
DOBACK028,20251006,ROTATIVO,3,2025-10-06T03:59:02.000Z,2025-10-06T03:59:02.000Z,null,1,80,82
DOBACK028,20251006,ROTATIVO,4,2025-10-06T04:00:17.000Z,2025-10-06T04:01:17.000Z,60,5,83,89
DOBACK028,20251006,ROTATIVO,5,2025-10-06T04:02:39.000Z,2025-10-06T04:02:39.000Z,null,1,90,92
DOBACK028,20251006,ROTATIVO,6,2025-10-06T04:03:48.000Z,2025-10-06T04:03:48.000Z,null,1,93,95
DOBACK028,20251006,ROTATIVO,7,2025-10-06T04:05:04.000Z,2025-10-06T04:05:04.000Z,null,1,96,98
DOBACK028,20251006,ROTATIVO,8,2025-10-06T04:06:22.000Z,2025-10-06T04:06:22.000Z,null,1,99,101
DOBACK028,20251006,ROTATIVO,9,2025-10-06T04:07:48.000Z,2025-10-06T04:08:03.000Z,15,2,102,105
DOBACK028,20251006,ROTATIVO,10,2025-10-06T04:09:10.000Z,2025-10-06T04:09:10.000Z,null,1,106,108
DOBACK028,20251006,ROTATIVO,11,2025-10-06T04:10:32.000Z,2025-10-06T04:11:02.000Z,30,3,109,113
DOBACK028,20251006,ROTATIVO,12,2025-10-06T04:12:23.000Z,2025-10-06T04:12:23.000Z,null,1,114,116
DOBACK028,20251006,ROTATIVO,13,2025-10-06T04:13:52.000Z,2025-10-06T04:14:23.000Z,31,3,117,121
DOBACK028,20251006,ROTATIVO,14,2025-10-06T04:15:37.000Z,2025-10-06T04:15:52.000Z,15,2,122,125
DOBACK028,20251006,ROTATIVO,15,2025-10-06T04:17:14.000Z,2025-10-06T04:17:14.000Z,null,1,126,128
DOBACK028,20251006,ROTATIVO,16,2025-10-06T04:18:30.000Z,2025-10-06T04:18:30.000Z,null,1,129,131
DOBACK028,20251006,ROTATIVO,17,2025-10-06T04:19:48.000Z,2025-10-06T04:20:03.000Z,15,2,132,135
DOBACK028,20251006,ROTATIVO,18,2025-10-06T04:21:12.000Z,2025-10-06T04:21:42.000Z,30,3,136,140
DOBACK028,20251006,ROTATIVO,19,2025-10-06T04:22:50.000Z,2025-10-06T04:22:50.000Z,null,1,141,143
DOBACK028,20251006,ROTATIVO,20,2025-10-06T04:24:13.000Z,2025-10-06T04:24:28.000Z,15,2,144,147
DOBACK028,20251006,ROTATIVO,21,2025-10-06T04:25:40.000Z,2025-10-06T04:25:40.000Z,null,1,148,150
DOBACK028,20251006,ROTATIVO,22,2025-10-06T04:27:08.000Z,2025-10-06T04:27:08.000Z,null,1,151,153
DOBACK028,20251006,ROTATIVO,23,2025-10-06T04:28:26.000Z,2025-10-06T04:28:26.000Z,null,1,154,156
DOBACK028,20251006,ROTATIVO,24,2025-10-06T04:29:43.000Z,2025-10-06T04:31:28.000Z,105,8,157,166
DOBACK028,20251006,ROTATIVO,25,2025-10-06T04:32:33.000Z,2025-10-06T04:32:33.000Z,null,1,167,169
DOBACK028,20251006,ROTATIVO,26,2025-10-06T04:33:56.000Z,2025-10-06T04:33:56.000Z,null,1,170,172
DOBACK028,20251006,ROTATIVO,27,2025-10-06T04:35:12.000Z,2025-10-06T04:35:12.000Z,null,1,173,175
DOBACK028,20251006,ROTATIVO,28,2025-10-06T04:36:29.000Z,2025-10-06T04:36:44.000Z,15,2,176,179
DOBACK028,20251006,ROTATIVO,29,2025-10-06T04:37:55.000Z,2025-10-06T04:37:55.000Z,null,1,180,182
DOBACK028,20251006,ROTATIVO,30,2025-10-06T04:39:12.000Z,2025-10-06T04:39:42.000Z,30,3,183,187
DOBACK028,20251006,ROTATIVO,31,2025-10-06T04:41:01.000Z,2025-10-06T04:41:01.000Z,null,1,188,190
DOBACK028,20251006,ROTATIVO,32,2025-10-06T04:42:20.000Z,2025-10-06T04:42:20.000Z,null,1,191,193
DOBACK028,20251006,ROTATIVO,33,2025-10-06T04:43:36.000Z,2025-10-06T04:43:36.000Z,null,1,194,196
DOBACK028,20251006,ROTATIVO,34,2025-10-06T04:45:05.000Z,2025-10-06T04:45:50.000Z,45,4,197,202
DOBACK028,20251006,ROTATIVO,35,2025-10-06T04:47:01.000Z,2025-10-06T04:47:01.000Z,null,1,203,205
DOBACK028,20251006,ROTATIVO,36,2025-10-06T04:48:19.000Z,2025-10-06T04:48:19.000Z,null,1,206,208
DOBACK028,20251006,ROTATIVO,37,2025-10-06T04:49:36.000Z,2025-10-06T04:49:36.000Z,null,1,209,211
DOBACK028,20251006,ROTATIVO,38,2025-10-06T04:50:54.000Z,2025-10-06T04:50:54.000Z,null,1,212,214
DOBACK028,20251006,ROTATIVO,39,2025-10-06T04:52:12.000Z,2025-10-06T04:56:27.000Z,255,18,215,234
DOBACK028,20251006,ROTATIVO,40,2025-10-06T04:57:39.000Z,2025-10-06T04:57:39.000Z,null,1,235,237
DOBACK028,20251006,ROTATIVO,41,2025-10-06T04:59:03.000Z,2025-10-06T04:59:18.000Z,15,2,238,241
DOBACK028,20251006,ROTATIVO,42,2025-10-06T05:00:25.000Z,2025-10-06T05:00:25.000Z,null,1,242,244
DOBACK028,20251006,ROTATIVO,43,2025-10-06T05:01:45.000Z,2025-10-06T05:01:45.000Z,null,1,245,247
DOBACK028,20251006,ROTATIVO,44,2025-10-06T05:03:00.000Z,2025-10-06T05:03:30.000Z,30,3,248,252
DOBACK028,20251006,ROTATIVO,45,2025-10-06T05:04:46.000Z,2025-10-06T05:04:46.000Z,null,1,253,255
DOBACK028,20251006,ROTATIVO,46,2025-10-06T05:06:02.000Z,2025-10-06T05:06:02.000Z,null,1,256,258
DOBACK028,20251006,ROTATIVO,47,2025-10-06T05:07:21.000Z,2025-10-06T05:07:21.000Z,null,1,259,261
DOBACK028,20251006,ROTATIVO,48,2025-10-06T05:08:40.000Z,2025-10-06T05:08:40.000Z,null,1,262,264
DOBACK028,20251006,ROTATIVO,49,2025-10-06T05:09:58.000Z,2025-10-06T05:10:13.000Z,15,2,265,268
DOBACK028,20251006,ROTATIVO,50,2025-10-06T05:11:24.000Z,2025-10-06T05:13:24.000Z,120,9,269,279
DOBACK028,20251006,ROTATIVO,51,2025-10-06T05:14:42.000Z,2025-10-06T05:25:43.000Z,661,45,280,326
DOBACK028,20251006,ROTATIVO,52,2025-10-06T05:27:03.000Z,2025-10-06T05:34:48.000Z,465,32,327,360
DOBACK028,20251006,ROTATIVO,53,2025-10-06T08:25:09.000Z,2025-10-06T08:25:09.000Z,null,1,361,363
DOBACK028,20251006,ROTATIVO,54,2025-10-06T08:27:41.000Z,2025-10-06T09:31:29.000Z,3828,256,364,621
DOBACK028,20251006,ROTATIVO,55,2025-10-06T09:32:40.000Z,2025-10-06T09:33:10.000Z,30,3,622,626
DOBACK028,20251006,ROTATIVO,56,2025-10-06T09:34:23.000Z,2025-10-06T09:34:23.000Z,null,1,627,629
DOBACK028,20251006,ROTATIVO,57,2025-10-06T09:35:37.000Z,2025-10-06T09:35:52.000Z,15,2,630,633
DOBACK028,20251006,ROTATIVO,58,2025-10-06T15:01:00.000Z,2025-10-06T15:01:00.000Z,null,1,634,636
DOBACK028,20251006,ROTATIVO,59,2025-10-06T15:03:33.000Z,2025-10-06T15:04:50.000Z,77,6,637,644
DOBACK028,20251006,ROTATIVO,60,2025-10-06T15:06:07.000Z,2025-10-06T15:06:07.000Z,null,1,645,647
DOBACK028,20251006,ROTATIVO,61,2025-10-06T15:07:16.000Z,2025-10-06T15:23:47.000Z,991,67,648,716
DOBACK028,20251006,ROTATIVO,62,2025-10-06T15:24:55.000Z,2025-10-06T15:25:10.000Z,15,2,717,720
DOBACK028,20251007,ROTATIVO,1,2025-10-07T06:59:14.000Z,2025-10-07T06:59:14.000Z,null,1,1,3
DOBACK028,20251007,ROTATIVO,2,2025-10-07T07:01:49.000Z,2025-10-07T07:02:49.000Z,60,5,4,10
DOBACK028,20251007,ROTATIVO,3,2025-10-07T07:03:58.000Z,2025-10-07T07:12:58.000Z,540,37,11,49
DOBACK028,20251007,ROTATIVO,4,2025-10-07T07:14:12.000Z,2025-10-07T07:16:12.000Z,120,9,50,60
DOBACK028,20251007,ROTATIVO,5,2025-10-07T07:17:32.000Z,2025-10-07T07:17:32.000Z,null,1,61,63
DOBACK028,20251007,ROTATIVO,6,2025-10-07T07:20:05.000Z,2025-10-07T07:20:05.000Z,null,1,64,66
DOBACK028,20251007,ROTATIVO,7,2025-10-07T07:21:17.000Z,2025-10-07T07:21:17.000Z,null,1,67,69
DOBACK028,20251007,ROTATIVO,8,2025-10-07T07:23:52.000Z,2025-10-07T07:33:38.000Z,586,40,70,111
DOBACK028,20251007,ROTATIVO,9,2025-10-07T07:34:42.000Z,2025-10-07T07:41:13.000Z,391,27,112,140
DOBACK028,20251007,ROTATIVO,10,2025-10-07T07:42:30.000Z,2025-10-07T07:50:15.000Z,465,32,141,174
DOBACK028,20251007,ROTATIVO,11,2025-10-07T07:51:26.000Z,2025-10-07T07:54:41.000Z,195,14,175,190
DOBACK028,20251007,ROTATIVO,12,2025-10-07T07:58:58.000Z,2025-10-07T07:59:28.000Z,30,3,191,195
DOBACK028,20251007,ROTATIVO,13,2025-10-07T08:00:46.000Z,2025-10-07T08:02:31.000Z,105,8,196,205
DOBACK028,20251007,ROTATIVO,14,2025-10-07T08:07:53.000Z,2025-10-07T08:09:09.000Z,76,6,206,213
DOBACK028,20251007,ROTATIVO,15,2025-10-07T08:22:55.000Z,2025-10-07T08:23:10.000Z,15,2,214,217
DOBACK028,20251007,ROTATIVO,16,2025-10-07T09:05:33.000Z,2025-10-07T09:05:33.000Z,null,1,218,220
DOBACK028,20251007,ROTATIVO,17,2025-10-07T09:08:05.000Z,2025-10-07T09:22:06.000Z,841,57,221,279
DOBACK028,20251007,ROTATIVO,18,2025-10-07T10:24:41.000Z,2025-10-07T10:24:41.000Z,null,1,280,282
DOBACK028,20251007,ROTATIVO,19,2025-10-07T10:27:13.000Z,2025-10-07T10:45:00.000Z,1067,72,283,356
DOBACK028,20251007,ROTATIVO,20,2025-10-07T10:46:05.000Z,2025-10-07T10:46:05.000Z,null,1,357,359
DOBACK028,20251007,ROTATIVO,21,2025-10-07T11:34:34.000Z,2025-10-07T11:34:34.000Z,null,1,360,362
DOBACK028,20251007,ROTATIVO,22,2025-10-07T11:37:06.000Z,2025-10-07T12:09:53.000Z,1967,132,363,496
DOBACK028,20251007,ROTATIVO,23,2025-10-07T12:11:09.000Z,2025-10-07T12:17:24.000Z,375,26,497,524
DOBACK028,20251007,ROTATIVO,24,2025-10-07T12:18:36.000Z,2025-10-07T12:24:51.000Z,375,26,525,552
DOBACK028,20251007,ROTATIVO,25,2025-10-07T14:37:07.000Z,2025-10-07T14:37:07.000Z,null,1,553,555
DOBACK028,20251007,ROTATIVO,26,2025-10-07T14:39:39.000Z,2025-10-07T14:59:11.000Z,1172,79,556,636
DOBACK028,20251007,ROTATIVO,27,2025-10-07T15:00:20.000Z,2025-10-07T15:09:51.000Z,571,39,637,677
DOBACK028,20251007,ROTATIVO,28,2025-10-07T15:11:05.000Z,2025-10-07T15:26:21.000Z,916,62,678,741
DOBACK028,20251008,ROTATIVO,1,2025-10-07T22:32:47.000Z,2025-10-07T23:02:48.000Z,1801,121,1,123
DOBACK028,20251008,ROTATIVO,2,2025-10-08T02:02:39.000Z,2025-10-08T04:20:17.000Z,8258,551,124,676
DOBACK028,20251008,ROTATIVO,3,2025-10-08T04:24:52.000Z,2025-10-08T04:38:26.000Z,814,55,677,733
DOBACK028,20251008,ROTATIVO,4,2025-10-08T04:58:07.000Z,2025-10-08T05:07:38.000Z,571,39,734,774
DOBACK028,20251008,ROTATIVO,5,2025-10-08T05:08:51.000Z,2025-10-08T05:11:52.000Z,181,13,775,789
DOBACK028,20251008,ROTATIVO,6,2025-10-08T05:13:04.000Z,2025-10-08T05:13:04.000Z,null,1,790,792
DOBACK028,20251008,ROTATIVO,7,2025-10-08T05:15:36.000Z,2025-10-08T05:51:23.000Z,2147,144,793,938
DOBACK028,20251008,ROTATIVO,8,2025-10-08T05:51:43.000Z,2025-10-08T05:54:10.000Z,147,7,939,947
DOBACK028,20251008,ROTATIVO,9,2025-10-08T05:54:17.000Z,2025-10-08T06:07:46.000Z,809,51,948,1000
DOBACK028,20251008,ROTATIVO,10,2025-10-08T06:08:00.000Z,2025-10-08T06:16:43.000Z,523,32,1001,1034
DOBACK028,20251008,ROTATIVO,11,2025-10-08T07:18:51.000Z,2025-10-08T07:18:51.000Z,null,1,1035,1037
DOBACK028,20251008,ROTATIVO,12,2025-10-08T07:21:23.000Z,2025-10-08T07:32:39.000Z,676,46,1038,1085
DOBACK028,20251008,ROTATIVO,13,2025-10-08T07:49:28.000Z,2025-10-08T07:49:28.000Z,null,1,1086,1088
DOBACK028,20251008,ROTATIVO,14,2025-10-08T08:10:32.000Z,2025-10-08T08:10:32.000Z,null,1,1089,1091
DOBACK028,20251008,ROTATIVO,15,2025-10-08T08:15:00.000Z,2025-10-08T08:15:00.000Z,null,1,1092,1094
DOBACK028,20251008,ROTATIVO,16,2025-10-08T10:52:13.000Z,2025-10-08T11:43:16.000Z,3063,205,1095,1301
DOBACK028,20251008,ROTATIVO,17,2025-10-08T15:59:57.000Z,2025-10-08T15:59:57.000Z,null,1,1302,1304
DOBACK028,20251008,ROTATIVO,18,2025-10-08T16:02:28.000Z,2025-10-08T16:15:15.000Z,767,52,1305,1358
DOBACK028,20251008,ROTATIVO,19,2025-10-08T16:16:24.000Z,2025-10-08T16:19:24.000Z,180,13,1359,1373
DOBACK028,20251008,ROTATIVO,20,2025-10-08T16:23:07.000Z,2025-10-08T16:26:22.000Z,195,14,1374,1389
DOBACK028,20251008,ROTATIVO,21,2025-10-08T21:07:01.000Z,2025-10-08T21:07:01.000Z,null,1,1390,1392
DOBACK028,20251008,ROTATIVO,22,2025-10-08T21:09:43.000Z,2025-10-08T21:36:15.000Z,1592,107,1393,1501